id;firstname;lastname;team;position;injured;banned;mantra_position;fantacalcio_position;name;country;birth_date;foot_name;fantacalcioPlayerId;fantacalcioTeamName;appearances;matchesInStart;mins_played;pagella;fantacalcioRanking;fantacalcioFantaindex;fantacalcioPosition;assists;goals;goals90min;goalsFromOpenPlays;xgFromOpenPlays;xgFromOpenPlays/90min;xA;xA90min;redCards;yellowCards;successfulPenalties;penalties;gkPenaltiesSaved;gkCleanSheets;gkConcededGoals;openPlaysGoalsConceded;openPlaysXgConceded;fantamediaPred;fantamediaPredRoundId;matchConvocation;matchesWithGrade;perc_matchesStarted;perc_matchesWithGrade;percMinsPlayed;expectedFantamediaMean;External_breakout_Index;Set_piece_attack_Index;Offensive_verticalization_Index;Attacking_area_Index;Pass_accuracy_Index;Accompany_the_offensive_action_Index;Cross_accuracy_Index;Pass_leading_chances_Index;Shot_on_target_Index;Received_pass_Index;Deep_runs_Index;Air_challenge_offensive_Index;Shot_on_goal_Index;Converge_in_the_center_Index;Pass_forward_accuracy_Index;Defense_solidity_Index;Offensive_actions_Index;Dribbles_successful_Index;Offensive_field_presence_Index
130;stefan;de vrij;{'uuid': 'fb3aee60-b9c5-4842-b8c0-f338743a5532', 'name': 'inter'};Defender;False;False;['CB'];D;Stefan de Vrij;Netherlands;1992-02-05;right;322;inter;26.0;18.0;1878.0;6.27;6.58;96.7;D;0.0;3.0;0.14;4.0;1.49;0.07;0.0;0.0;0.0;2.0;0.0;0.0;0.0;0.0;0.0;0.0;0.0;-1;39.0;36.0;25.0;50.0;69.44;52.0;-1;-1.0;-1.0;60.5;57.05;94.23;86.87;-1.0;-1.0;-1.0;92.89;-1.0;-1.0;-1.0;-1.0;87.02;83.71;91.58;-1.0;68.92
625;marten elco;de roon;{'uuid': '313d7f52-5056-426e-9637-9aeae2c94d8d', 'name': 'atalanta'};Midfielder;False;False;['DM', 'M'];C;Marten de Roon;Netherlands;1991-03-29;right;22;atalanta;36.0;34.0;3306.0;6.23;6.58;74.6;C;3.0;4.0;0.11;4.0;0.85;0.02;2.31;0.06;0.0;5.0;0.0;0.0;0.0;0.0;0.0;0.0;0.0;-1;39.0;37.0;36.0;91.89;97.3;90.0;-1;-1.0;-1.0;85.63;56.51;84.21;87.09;-1.0;52.18;-1.0;83.9;-1.0;-1.0;-1.0;-1.0;81.71;-1.0;80.56;-1.0;81.95
3324;Alvaro;morata;{'uuid': '3d3e3a11-950e-4170-a228-5bd0943e5716', 'name': 'como'};Forward;False;False;['CF'];A;Alvaro Borja Morata Martin;Spain;1992-10-23;right;313;como;27.0;18.0;1818.0;6.1;7.12;73.21;A;1.0;10.0;0.5;11.0;7.7;0.38;1.93;0.1;0.0;7.0;1.0;1.0;0.0;0.0;0.0;0.0;0.0;-1;39.0;27.0;27.0;66.67;100.0;51.0;-1;58.52;-1.0;49.38;88.01;-1.0;52.56;43.89;58.59;69.1;49.81;71.46;63.65;78.26;-1.0;-1.0;-1.0;49.47;-1.0;65.98
3347;sergi roberto;sergi roberto;{'uuid': '3d3e3a11-950e-4170-a228-5bd0943e5716', 'name': 'como'};Midfielder;False;False;['DM', 'M'];C;Sergi Roberto Carnicer;Spain;1992-02-07;right;4284;como;13.0;8.0;754.0;5.81;5.73;59.24;C;1.0;0.0;0.0;0.0;0.29;0.03;0.29;0.03;0.0;4.0;0.0;0.0;0.0;0.0;0.0;0.0;0.0;-1;39.0;15.0;12.0;53.33;80.0;21.0;-1;-1.0;-1.0;-1.0;-1.0;-1.0;-1.0;-1.0;-1.0;-1.0;-1.0;-1.0;-1.0;-1.0;-1.0;-1.0;-1.0;-1.0;-1.0;-1.0
3360;pedro eliezer;pedro;{'uuid': 'f10c49fc-d0ce-4a7b-ba2d-f136e95e0fe0', 'name': 'lazio'};Wing-Forward;False;False;['F'];A;Pedro Eliezer Rodriguez Ledesma;Spain;1987-07-28;right;2489;lazio;30.0;6.0;1264.0;6.1;7.1;66.51;A;1.0;10.0;0.71;9.0;5.1;0.36;3.27;0.23;0.0;2.0;2.0;2.0;0.0;0.0;0.0;0.0;0.0;-1;39.0;36.0;28.0;16.67;77.78;37.0;-1;66.06;-1.0;81.82;78.44;56.35;72.17;82.09;82.39;79.07;74.7;73.73;-1.0;87.65;71.69;64.22;-1.0;75.89;65.79;69.61
3361;alexis alejandro;sanchez;{'uuid': '10699c39-fa51-4968-8ee6-209df2113a8c', 'name': 'udinese'};Forward;False;False;['F'];A;Alexis Alejandro Sanchez Sanchez;Chile;1988-12-19;right;2475;udinese;13.0;6.0;482.0;5.59;5.59;19.96;A;0.0;0.0;0.0;0.0;1.18;0.22;0.22;0.04;0.0;0.0;0.0;0.0;0.0;0.0;0.0;0.0;0.0;-1;39.0;20.0;12.0;30.0;60.0;14.0;-1;-1.0;-1.0;-1.0;-1.0;-1.0;-1.0;-1.0;-1.0;-1.0;-1.0;-1.0;-1.0;-1.0;-1.0;-1.0;-1.0;-1.0;-1.0;-1.0
3647;Pablo;mari';{'uuid': '573f5fa3-5623-417c-9efc-f28b50bc7778', 'name': 'fiorentina'};Defender;False;False;['CB'];D;Pablo Mari Villar;Spain;1993-08-31;left;4904;fiorentina;32.0;31.0;2967.0;5.86;5.75;33.23;D;0.0;0.0;0.0;0.0;0.38;0.01;0.17;0.01;1.0;5.0;0.0;0.0;0.0;0.0;0.0;0.0;0.0;-1;39.0;33.0;32.0;93.94;96.97;80.0;-1;-1.0;-1.0;-1.0;55.35;91.29;77.35;-1.0;-1.0;-1.0;82.77;-1.0;-1.0;-1.0;-1.0;85.69;58.92;77.83;-1.0;57.0
4792;patricio;patric;{'uuid': 'f10c49fc-d0ce-4a7b-ba2d-f136e95e0fe0', 'name': 'lazio'};Defender;True;False;['RB', 'CB'];D;Patricio Gabarron Gil;Spain;1993-04-17;right;327;lazio;10.0;5.0;674.0;5.8;6.0;86.42;D;0.0;1.0;0.13;2.0;0.82;0.11;0.0;0.0;0.0;2.0;0.0;0.0;0.0;0.0;0.0;0.0;0.0;-1;39.0;19.0;9.0;26.32;47.37;19.0;-1;-1.0;-1.0;-1.0;-1.0;-1.0;-1.0;-1.0;-1.0;-1.0;-1.0;-1.0;-1.0;-1.0;-1.0;-1.0;-1.0;-1.0;-1.0;-1.0
4908;Alberto;moreno alb.;{'uuid': '3d3e3a11-950e-4170-a228-5bd0943e5716', 'name': 'como'};Wing-Back;False;False;['LB', 'E'];D;Alberto Moreno Perez  ;Spain;1992-07-05;left;5435;como;24.0;21.0;1846.0;5.73;5.65;27.09;D;0.0;0.0;0.0;0.0;0.34;0.02;0.94;0.05;0.0;4.0;0.0;0.0;0.0;0.0;0.0;0.0;0.0;-1;39.0;30.0;23.0;70.0;76.67;52.0;-1;57.79;-1.0;63.65;58.62;70.07;72.08;77.39;57.93;-1.0;77.87;63.45;-1.0;-1.0;-1.0;78.32;53.57;69.37;-1.0;58.63
7905;romelu;lukaku;{'uuid': '28ba208b-80fd-4a40-8014-bc82d2976fc3', 'name': 'napoli'};Forward;True;False;['CF'];A;Romelu Menama Lukaku Bolingoli;Belgium;1993-05-13;left;2531;napoli;36.0;35.0;2983.0;6.08;7.27;79.55;A;6.0;14.0;0.42;12.0;11.74;0.35;2.93;0.09;0.0;4.0;3.0;4.0;0.0;0.0;0.0;0.0;0.0;-1;39.0;36.0;36.0;97.22;100.0;86.0;-1;54.68;-1.0;-1.0;88.48;-1.0;50.37;-1.0;64.93;66.02;-1.0;85.68;68.78;72.6;-1.0;-1.0;-1.0;50.06;-1.0;55.98
7910;david;de gea;{'uuid': '573f5fa3-5623-417c-9efc-f28b50bc7778', 'name': 'fiorentina'};Goalkeeper;False;False;['G'];P;David de Gea Quintana;Spain;1990-11-07;right;2521;fiorentina;35.0;35.0;3415.0;6.25;5.64;-1.0;P;0.0;0.0;0.0;0.0;0.0;0.0;0.0;0.0;0.0;1.0;0.0;0.0;2.0;11.0;38.0;38.0;34.41;-1;39.0;38.0;35.0;92.11;92.11;92.0;-1;-1.0;-1.0;-1.0;-1.0;-1.0;-1.0;-1.0;-1.0;-1.0;-1.0;-1.0;-1.0;-1.0;-1.0;-1.0;-1.0;-1.0;-1.0;-1.0
8287;Luka;modric;{'uuid': '2e4b19a8-e58e-4782-905f-bf0219218572', 'name': 'milan'};Midfielder;False;False;['M'];C;Luka Modric;Croatia;1985-09-09;right;2606;milan;35.0;17.0;1990.0;6.24;6.47;84.85;C;5.0;2.0;0.09;2.0;1.22;0.06;5.11;0.23;0.0;6.0;0.0;0.0;0.0;0.0;0.0;0.0;0.0;-1;39.0;37.0;32.0;45.95;86.49;57.0;-1;74.12;57.54;90.81;61.81;92.35;94.6;52.56;80.37;53.25;98.08;57.83;-1.0;68.81;52.91;93.08;-1.0;97.52;60.47;95.07
8327;Edin;Dzeko;{'uuid': '573f5fa3-5623-417c-9efc-f28b50bc7778', 'name': 'fiorentina'};Forward;False;False;['CF'];A;Edin Dzeko;Bosnia-Herzegovina;1986-03-17;right;647;fiorentina;35.0;24.0;2503.0;6.31;7.52;71.88;A;4.0;14.0;0.5;11.0;14.29;0.51;5.76;0.21;0.0;1.0;3.0;4.0;0.0;0.0;0.0;0.0;0.0;-1;39.0;35.0;35.0;68.57;100.0;69.0;-1;48.5;-1.0;57.23;86.75;-1.0;47.1;52.36;70.13;75.31;47.75;80.32;62.96;58.98;-1.0;-1.0;-1.0;51.67;-1.0;63.08
11039;benjamin;siegrist;{'uuid': '8f9c4fc6-a3f1-4750-979a-7b10da38e12f', 'name': 'genoa'};Goalkeeper;False;False;['G'];P;Benjamin Siegrist;Switzerland;1992-01-31;right;6991;genoa;15.0;15.0;1453.0;6.33;5.83;-1.0;P;0.0;0.0;0.0;0.0;0.0;0.0;0.0;0.0;0.0;1.0;0.0;0.0;0.0;5.0;12.0;12.0;10.48;-1;39.0;31.0;15.0;48.39;48.39;39.0;-1;-1.0;-1.0;-1.0;-1.0;-1.0;-1.0;-1.0;-1.0;-1.0;-1.0;-1.0;-1.0;-1.0;-1.0;-1.0;-1.0;-1.0;-1.0;-1.0
13484;dele;alli;{'uuid': '3d3e3a11-950e-4170-a228-5bd0943e5716', 'name': 'como'};Midfielder;False;False;['OM'];C;Dele Alli;England;1996-04-11;right;2553;como;1.0;0.0;10.0;4.59;3.59;-1.0;C;0.0;0.0;0.0;0.0;0.0;0.0;0.0;0.0;1.0;0.0;0.0;0.0;0.0;0.0;0.0;0.0;0.0;-1;39.0;10.0;1.0;0.0;10.0;0.0;-1;-1.0;-1.0;-1.0;-1.0;-1.0;-1.0;-1.0;-1.0;-1.0;-1.0;-1.0;-1.0;-1.0;-1.0;-1.0;-1.0;-1.0;-1.0;-1.0
14869;Sead;kolasinac;{'uuid': '313d7f52-5056-426e-9637-9aeae2c94d8d', 'name': 'atalanta'};Defender;True;False;['LA', 'LB', 'E'];D;Sead Kolasinac;Germany;1993-06-20;left;2640;atalanta;23.0;23.0;2034.0;6.11;5.96;66.14;D;2.0;0.0;0.0;0.0;1.21;0.05;1.54;0.07;0.0;7.0;0.0;0.0;0.0;0.0;0.0;0.0;0.0;-1;39.0;23.0;23.0;100.0;100.0;56.0;-1;75.62;59.05;70.15;60.26;81.74;83.19;-1.0;54.78;-1.0;80.4;-1.0;-1.0;-1.0;-1.0;90.19;70.52;79.86;-1.0;67.93
15524;hakan;calhanoglu;{'uuid': 'fb3aee60-b9c5-4842-b8c0-f338743a5532', 'name': 'inter'};Midfielder;False;True;['DM', 'M'];C;Hakan Calhanoglu;Germany;1994-02-08;right;2194;inter;29.0;26.0;2069.0;6.21;6.71;96.16;C;5.0;5.0;0.22;2.0;1.36;0.06;5.2;0.23;0.0;5.0;3.0;4.0;0.0;0.0;0.0;0.0;0.0;-1;39.0;30.0;28.0;86.67;93.33;59.0;-1;61.16;54.7;79.58;58.45;85.91;90.46;-1.0;65.21;61.85;91.64;-1.0;-1.0;62.75;-1.0;83.02;-1.0;90.86;-1.0;89.8
20404;bryan;cristante;{'uuid': '1e324d46-77cf-49f1-8dd2-9a0e343741c2', 'name': 'roma'};Midfielder;False;False;['DM', 'M'];C;Bryan Cristante;Italy;1995-03-03;right;779;roma;30.0;23.0;2195.0;6.13;6.43;77.8;C;1.0;4.0;0.16;6.0;2.69;0.11;0.52;0.02;0.0;8.0;0.0;0.0;0.0;0.0;0.0;0.0;0.0;-1;39.0;30.0;29.0;76.67;96.67;61.0;-1;59.54;54.47;91.37;60.45;74.81;79.37;-1.0;-1.0;51.32;80.68;54.29;61.86;72.39;-1.0;71.85;-1.0;80.23;-1.0;75.47
20414;Mattia;valoti;{'uuid': '15cfc725-f2e8-4d2a-8fd7-17c9e164430d', 'name': 'cremonese'};Mezzala;False;True;['M', 'OM'];C;Mattia Valoti;Italy;1993-09-06;right;2274;cremonese;20.0;3.0;596.0;5.99;6.36;45.19;C;0.0;3.0;0.45;4.0;2.17;0.33;0.26;0.04;0.0;3.0;0.0;0.0;0.0;0.0;0.0;0.0;0.0;-1;39.0;37.0;16.0;8.11;43.24;17.0;-1;-1.0;-1.0;-1.0;-1.0;-1.0;-1.0;-1.0;-1.0;-1.0;-1.0;-1.0;-1.0;-1.0;-1.0;-1.0;-1.0;-1.0;-1.0;-1.0
20418;stephan;el shaarawy;{'uuid': '1e324d46-77cf-49f1-8dd2-9a0e343741c2', 'name': 'roma'};Wide-Midfielder;False;False;['W'];C;Stephan El Shaarawy;Italy;1992-10-27;right;795;roma;31.0;12.0;1221.0;6.08;6.43;85.03;C;3.0;3.0;0.22;4.0;2.21;0.16;1.78;0.13;0.0;2.0;0.0;0.0;0.0;0.0;0.0;0.0;0.0;-1;39.0;36.0;24.0;33.33;66.67;35.0;-1;68.71;-1.0;68.0;75.98;56.85;70.63;64.71;68.48;77.12;69.1;62.67;-1.0;72.27;70.04;60.87;-1.0;69.76;65.14;58.1
20512;Matteo;Bianchetti;{'uuid': '15cfc725-f2e8-4d2a-8fd7-17c9e164430d', 'name': 'cremonese'};Defender;False;False;['CB'];D;Matteo Bianchetti;Italy;1993-03-17;right;612;cremonese;37.0;36.0;3375.0;5.99;5.88;17.42;D;0.0;1.0;0.03;2.0;0.87;0.02;0.7;0.02;1.0;8.0;0.0;0.0;0.0;0.0;0.0;0.0;0.0;-1;39.0;37.0;36.0;97.3;97.3;92.0;-1;38.96;-1.0;56.04;41.49;62.32;63.73;-1.0;-1.0;-1.0;58.56;38.68;-1.0;-1.0;-1.0;69.37;48.32;53.27;-1.0;46.33
20518;jesus;juan jesus;{'uuid': '28ba208b-80fd-4a40-8014-bc82d2976fc3', 'name': 'napoli'};Defender;False;False;['LB', 'CB'];D;Juan Guilherme Nunes Jesus;Brazil;1991-06-10;left;256;napoli;15.0;12.0;1164.0;6.09;6.09;64.89;D;1.0;0.0;0.0;0.0;0.41;0.03;0.09;0.01;0.0;2.0;0.0;0.0;0.0;0.0;0.0;0.0;0.0;-1;39.0;33.0;14.0;36.36;42.42;32.0;-1;-1.0;-1.0;73.85;55.15;90.74;88.01;-1.0;-1.0;-1.0;90.93;-1.0;-1.0;-1.0;-1.0;89.92;81.21;87.08;-1.0;56.8
20572;daniele;padelli;{'uuid': '10699c39-fa51-4968-8ee6-209df2113a8c', 'name': 'udinese'};Goalkeeper;False;False;['G'];P;Daniele Padelli;Italy;1985-10-25;right;543;udinese;1.0;1.0;98.0;6.56;7.56;-1.0;P;0.0;0.0;0.0;0.0;0.0;0.0;0.0;0.0;0.0;0.0;0.0;0.0;0.0;1.0;0.0;0.0;0.99;-1;39.0;37.0;1.0;2.7;2.7;3.0;-1;-1.0;-1.0;-1.0;-1.0;-1.0;-1.0;-1.0;-1.0;-1.0;-1.0;-1.0;-1.0;-1.0;-1.0;-1.0;-1.0;-1.0;-1.0;-1.0
20635;francesco;acerbi;{'uuid': 'fb3aee60-b9c5-4842-b8c0-f338743a5532', 'name': 'inter'};Defender;False;False;['CB'];D;Francesco Acerbi;Italy;1988-02-10;left;513;inter;23.0;20.0;1873.0;6.07;6.11;89.88;D;1.0;0.0;0.0;0.0;0.87;0.04;0.55;0.03;0.0;0.0;0.0;0.0;0.0;0.0;0.0;0.0;0.0;-1;39.0;30.0;21.0;66.67;70.0;50.0;-1;-1.0;67.09;60.61;57.36;90.47;82.27;-1.0;55.01;-1.0;90.74;53.27;74.82;-1.0;-1.0;83.31;66.63;87.98;-1.0;75.24
20702;Nicolas;leali;{'uuid': '8f9c4fc6-a3f1-4750-979a-7b10da38e12f', 'name': 'genoa'};Goalkeeper;False;False;['G'];P;Nicola Leali;Italy;1993-02-17;right;188;genoa;29.0;29.0;2813.0;6.23;5.52;-1.0;P;0.0;0.0;0.0;0.0;0.0;0.0;0.0;0.0;0.0;1.0;0.0;0.0;1.0;10.0;31.0;31.0;27.85;-1;39.0;38.0;29.0;76.32;76.32;76.0;-1;-1.0;-1.0;-1.0;-1.0;-1.0;-1.0;-1.0;-1.0;-1.0;-1.0;-1.0;-1.0;-1.0;-1.0;-1.0;-1.0;-1.0;-1.0;-1.0
20751;Juan;cuadrado;{'uuid': 'c1a7a918-44f8-4da9-86b6-f8b95e8e261d', 'name': 'pisa'};Wide-Midfielder;False;False;['E'];D;Juan Guillermo Cuadrado Bello;Colombia;1988-05-26;right;697;pisa;23.0;7.0;922.0;5.95;5.97;64.39;D;2.0;0.0;0.0;0.0;1.41;0.14;2.95;0.29;0.0;3.0;0.0;0.0;0.0;0.0;0.0;0.0;0.0;-1;39.0;29.0;22.0;24.14;75.86;27.0;-1;-1.0;-1.0;-1.0;-1.0;-1.0;-1.0;-1.0;-1.0;-1.0;-1.0;-1.0;-1.0;-1.0;-1.0;-1.0;-1.0;-1.0;-1.0;-1.0
20823;Franco Damian;vazquez;{'uuid': '15cfc725-f2e8-4d2a-8fd7-17c9e164430d', 'name': 'cremonese'};Forward;False;True;['OM', 'F'];C;Franco Damian Vazquez;Argentina;1989-02-22;left;449;cremonese;31.0;26.0;2228.0;6.3;7.19;65.48;C;4.0;9.0;0.36;10.0;7.07;0.29;3.78;0.15;0.0;7.0;1.0;1.0;0.0;0.0;0.0;0.0;0.0;-1;39.0;31.0;31.0;83.87;100.0;64.0;-1;44.03;47.6;66.3;57.16;48.17;58.06;49.81;64.05;47.81;57.97;48.14;51.32;53.71;40.43;48.68;-1.0;66.43;42.06;67.31
20927;lorenzo;de silvestri;{'uuid': '7bbe67b4-c9f4-48a3-be6f-23aa61167ff2', 'name': 'bologna'};Wing-Back;False;False;['RB', 'E'];D;Lorenzo De Silvestri;Italy;1988-05-23;right;487;bologna;18.0;13.0;1132.0;5.89;6.03;80.16;D;0.0;1.0;0.08;2.0;0.72;0.06;0.27;0.02;0.0;1.0;0.0;0.0;0.0;0.0;0.0;0.0;0.0;-1;39.0;37.0;17.0;35.14;45.95;32.0;-1;56.35;-1.0;65.97;56.7;69.28;62.85;54.03;-1.0;-1.0;61.3;53.25;64.23;-1.0;-1.0;78.66;61.88;52.26;-1.0;52.76
21001;elseid;hysaj;{'uuid': 'f10c49fc-d0ce-4a7b-ba2d-f136e95e0fe0', 'name': 'lazio'};Wing-Back;False;False;['RB', 'LB', 'E'];D;Elseid Hysaj;Albania;1994-02-20;right;140;lazio;11.0;4.0;481.0;5.85;5.9;62.2;D;2.0;0.0;0.0;0.0;0.02;0.0;0.85;0.16;1.0;1.0;0.0;0.0;0.0;0.0;0.0;0.0;0.0;-1;39.0;17.0;9.0;23.53;52.94;14.0;-1;-1.0;-1.0;-1.0;-1.0;-1.0;-1.0;-1.0;-1.0;-1.0;-1.0;-1.0;-1.0;-1.0;-1.0;-1.0;-1.0;-1.0;-1.0;-1.0
21065;pietro;terracciano;{'uuid': '2e4b19a8-e58e-4782-905f-bf0219218572', 'name': 'milan'};Goalkeeper;False;False;['G'];P;Pietro Terracciano;Italy;1990-03-08;right;2815;milan;3.0;3.0;298.0;6.1;5.43;-1.0;P;0.0;0.0;0.0;0.0;0.0;0.0;0.0;0.0;0.0;0.0;0.0;0.0;0.0;1.0;3.0;3.0;2.98;-1;39.0;38.0;3.0;7.89;7.89;8.0;-1;-1.0;-1.0;-1.0;-1.0;-1.0;-1.0;-1.0;-1.0;-1.0;-1.0;-1.0;-1.0;-1.0;-1.0;-1.0;-1.0;-1.0;-1.0;-1.0
21095;matteo;darmian;{'uuid': 'fb3aee60-b9c5-4842-b8c0-f338743a5532', 'name': 'inter'};Wide-Midfielder;False;False;['LA', 'RB', 'E'];D;Matteo Darmian;Italy;1989-12-02;right;2525;inter;29.0;20.0;1917.0;6.12;6.38;95.13;D;2.0;3.0;0.14;4.0;1.2;0.06;1.61;0.08;0.0;3.0;0.0;0.0;0.0;0.0;0.0;0.0;0.0;-1;39.0;33.0;26.0;60.61;78.79;54.0;-1;55.73;-1.0;55.83;61.98;62.97;67.89;61.8;62.84;-1.0;77.07;59.4;-1.0;-1.0;-1.0;62.76;-1.0;65.22;-1.0;60.15
21128;carlo;pinsoglio;{'uuid': '8f4e639c-b52a-4ea8-9f2c-80c5172add56', 'name': 'juventus'};;False;False;['G'];P;Carlo Pinsoglio;;1990-03-16;;1930;juventus;-1.0;-1.0;-1.0;-1.0;-1.0;-1.0;P;-1.0;-1.0;-1.0;-2.0;-1.0;-1.0;-1.0;-1.0;-1.0;-1.0;-1.0;-1.0;-1.0;-1.0;-1.0;-1.0;-1.0;-1;39.0;-1.0;-1.0;-1.0;-1.0;-1.0;-1;-1.0;-1.0;-1.0;-1.0;-1.0;-1.0;-1.0;-1.0;-1.0;-1.0;-1.0;-1.0;-1.0;-1.0;-1.0;-1.0;-1.0;-1.0;-1.0
21298;Andrade David;nicolas;{'uuid': 'c1a7a918-44f8-4da9-86b6-f8b95e8e261d', 'name': 'pisa'};Goalkeeper;False;False;['G'];P;Nicolas David Andrade ;Brazil;1988-04-12;right;2271;pisa;1.0;1.0;96.0;6.4;5.4;-1.0;P;0.0;0.0;0.0;0.0;0.0;0.0;0.0;0.0;0.0;0.0;0.0;0.0;0.0;0.0;1.0;1.0;0.63;-1;39.0;38.0;1.0;2.63;2.63;3.0;-1;-1.0;-1.0;-1.0;-1.0;-1.0;-1.0;-1.0;-1.0;-1.0;-1.0;-1.0;-1.0;-1.0;-1.0;-1.0;-1.0;-1.0;-1.0;-1.0
21384;Ciro;Immobile;{'uuid': '7bbe67b4-c9f4-48a3-be6f-23aa61167ff2', 'name': 'bologna'};Forward;False;False;['CF'];A;Ciro Immobile;Italy;1990-02-20;right;785;bologna;30.0;26.0;2196.0;6.13;7.66;48.37;A;3.0;15.0;0.61;9.0;7.27;0.3;3.27;0.13;0.0;4.0;8.0;8.0;0.0;0.0;0.0;0.0;0.0;-1;39.0;32.0;29.0;81.25;90.62;62.0;-1;51.39;51.31;44.98;86.79;-1.0;47.35;-1.0;52.24;60.91;43.66;78.41;54.77;59.11;-1.0;-1.0;-1.0;45.88;-1.0;57.07
21468;mattia;perin;{'uuid': '8f4e639c-b52a-4ea8-9f2c-80c5172add56', 'name': 'juventus'};Goalkeeper;False;False;['G'];P;Mattia Perin;Italy;1992-11-10;right;218;juventus;5.0;5.0;478.0;6.34;6.34;-1.0;P;0.0;0.0;0.0;0.0;0.0;0.0;0.0;0.0;0.0;0.0;0.0;0.0;0.0;3.0;3.0;3.0;3.61;-1;39.0;36.0;5.0;13.89;13.89;13.0;-1;-1.0;-1.0;-1.0;-1.0;-1.0;-1.0;-1.0;-1.0;-1.0;-1.0;-1.0;-1.0;-1.0;-1.0;-1.0;-1.0;-1.0;-1.0;-1.0
21528;Federico;ceccherini;{'uuid': '15cfc725-f2e8-4d2a-8fd7-17c9e164430d', 'name': 'cremonese'};Defender;False;False;['RB', 'CB'];D;Federico Ceccherini;Italy;1992-05-11;right;1891;cremonese;21.0;20.0;1658.0;6.05;6.12;12.61;D;1.0;1.0;0.05;2.0;0.63;0.03;0.24;0.01;0.0;5.0;0.0;0.0;0.0;0.0;0.0;0.0;0.0;-1;39.0;30.0;21.0;66.67;70.0;46.0;-1;-1.0;-1.0;-1.0;42.32;69.02;68.8;-1.0;-1.0;-1.0;63.89;-1.0;49.54;-1.0;-1.0;67.09;48.18;58.35;-1.0;50.75
21842;cristiano;biraghi;{'uuid': '8cbf8ec8-2e07-4946-9d90-58b0da6a9c14', 'name': 'torino'};Wing-Back;False;False;['LB', 'E'];D;Cristiano Biraghi;Italy;1992-09-01;left;252;torino;23.0;18.0;1733.0;5.9;5.92;72.91;D;0.0;1.0;0.05;0.0;0.23;0.01;4.4;0.23;0.0;1.0;0.0;0.0;0.0;0.0;0.0;0.0;0.0;-1;39.0;29.0;21.0;62.07;72.41;47.0;-1;69.38;-1.0;-1.0;57.32;67.97;76.12;85.0;58.74;-1.0;70.35;55.98;-1.0;-1.0;-1.0;75.09;67.79;59.88;-1.0;52.5
22053;francesco;rossi f.;{'uuid': '313d7f52-5056-426e-9637-9aeae2c94d8d', 'name': 'atalanta'};;False;False;['G'];P;Francesco Rossi;;1991-04-27;;2297;atalanta;-1.0;-1.0;-1.0;-1.0;-1.0;-1.0;P;-1.0;-1.0;-1.0;-2.0;-1.0;-1.0;-1.0;-1.0;-1.0;-1.0;-1.0;-1.0;-1.0;-1.0;-1.0;-1.0;-1.0;-1;39.0;-1.0;-1.0;-1.0;-1.0;-1.0;-1;-1.0;-1.0;-1.0;-1.0;-1.0;-1.0;-1.0;-1.0;-1.0;-1.0;-1.0;-1.0;-1.0;-1.0;-1.0;-1.0;-1.0;-1.0;-1.0
22093;Antonio;Caracciolo;{'uuid': 'c1a7a918-44f8-4da9-86b6-f8b95e8e261d', 'name': 'pisa'};Defender;False;False;['CB'];D;Antonio Caracciolo;Italy;1990-06-30;right;2273;pisa;35.0;34.0;3284.0;6.18;6.24;53.0;D;0.0;2.0;0.05;4.0;2.37;0.06;0.59;0.02;0.0;8.0;0.0;0.0;0.0;0.0;0.0;0.0;0.0;-1;39.0;36.0;35.0;94.44;97.22;89.0;-1;-1.0;44.43;39.44;41.21;59.44;56.07;-1.0;-1.0;-1.0;49.12;-1.0;-1.0;-1.0;-1.0;50.41;58.41;47.08;-1.0;46.19
22371;Raffaele;di gennaro;{'uuid': 'fb3aee60-b9c5-4842-b8c0-f338743a5532', 'name': 'inter'};;False;False;['G'];P;Raffaele Di Gennaro;;1993-10-03;;1926;inter;-1.0;-1.0;-1.0;-1.0;-1.0;-1.0;P;-1.0;-1.0;-1.0;-2.0;-1.0;-1.0;-1.0;-1.0;-1.0;-1.0;-1.0;-1.0;-1.0;-1.0;-1.0;-1.0;-1.0;-1;39.0;-1.0;-1.0;-1.0;-1.0;-1.0;-1;-1.0;-1.0;-1.0;-1.0;-1.0;-1.0;-1.0;-1.0;-1.0;-1.0;-1.0;-1.0;-1.0;-1.0;-1.0;-1.0;-1.0;-1.0;-1.0
22512;Mauro;vigorito;{'uuid': '3d3e3a11-950e-4170-a228-5bd0943e5716', 'name': 'como'};;False;False;['G'];P;Mauro Vigorito;;1990-05-22;;2809;como;-1.0;-1.0;-1.0;-1.0;-1.0;-1.0;P;-1.0;-1.0;-1.0;-2.0;-1.0;-1.0;-1.0;-1.0;-1.0;-1.0;-1.0;-1.0;-1.0;-1.0;-1.0;-1.0;-1.0;-1;39.0;-1.0;-1.0;-1.0;-1.0;-1.0;-1;-1.0;-1.0;-1.0;-1.0;-1.0;-1.0;-1.0;-1.0;-1.0;-1.0;-1.0;-1.0;-1.0;-1.0;-1.0;-1.0;-1.0;-1.0;-1.0
22575;milan;djuric;{'uuid': '05e5b3ab-8801-47e6-9eef-f6edc799628c', 'name': 'parma'};Forward;False;False;['CF'];A;Milan Djuric;Bosnia-Herzegovina;1990-05-22;right;5471;parma;27.0;16.0;1676.0;5.79;6.31;45.1;A;1.0;5.0;0.27;7.0;3.92;0.21;0.34;0.02;0.0;4.0;0.0;0.0;0.0;0.0;0.0;0.0;0.0;-1;39.0;30.0;24.0;53.33;80.0;47.0;-1;-1.0;60.34;-1.0;68.35;-1.0;-1.0;-1.0;-1.0;75.91;-1.0;54.14;97.64;78.48;-1.0;-1.0;-1.0;46.29;-1.0;53.23
22680;giovanni;di lorenzo;{'uuid': '28ba208b-80fd-4a40-8014-bc82d2976fc3', 'name': 'napoli'};Wing-Back;False;False;['RB', 'E'];D;Giovanni Di Lorenzo;Italy;1993-08-04;right;2816;napoli;37.0;37.0;3623.0;6.11;6.33;88.16;D;2.0;3.0;0.07;3.0;2.99;0.07;4.0;0.1;0.0;6.0;0.0;0.0;0.0;0.0;0.0;0.0;0.0;-1;39.0;37.0;37.0;100.0;100.0;97.0;-1;57.37;55.88;84.93;62.98;75.41;74.02;61.74;71.15;-1.0;79.97;59.32;-1.0;-1.0;-1.0;84.16;61.09;74.05;-1.0;67.2
22889;davide;zappacosta;{'uuid': '313d7f52-5056-426e-9637-9aeae2c94d8d', 'name': 'atalanta'};Wide-Midfielder;False;False;['E'];D;Davide Zappacosta;Italy;1992-06-11;right;554;atalanta;30.0;26.0;2211.0;6.12;6.54;92.58;D;2.0;4.0;0.16;4.0;2.83;0.12;2.65;0.11;0.0;3.0;0.0;0.0;0.0;0.0;0.0;0.0;0.0;-1;39.0;34.0;30.0;76.47;88.24;62.0;-1;83.86;55.12;62.22;65.65;63.98;66.17;85.19;68.05;58.93;69.23;60.95;-1.0;68.12;-1.0;71.66;-1.0;66.3;56.28;59.02
22933;Leonardo;pavoletti;{'uuid': '1c949031-2bcb-434e-a9ea-8fec3fa80c23', 'name': 'cagliari'};Forward;True;False;['CF'];A;Leonardo Pavoletti;Italy;1988-11-26;right;247;cagliari;26.0;1.0;564.0;5.85;5.98;-1.0;A;0.0;2.0;0.32;3.0;2.18;0.35;0.2;0.03;0.0;5.0;0.0;0.0;0.0;0.0;0.0;0.0;0.0;-1;39.0;32.0;18.0;3.12;56.25;16.0;-1;-1.0;-1.0;-1.0;-1.0;-1.0;-1.0;-1.0;-1.0;-1.0;-1.0;-1.0;-1.0;-1.0;-1.0;-1.0;-1.0;-1.0;-1.0;-1.0
23705;marco;sportiello;{'uuid': '313d7f52-5056-426e-9637-9aeae2c94d8d', 'name': 'atalanta'};Goalkeeper;False;False;['G'];P;Marco Sportiello;Italy;1992-05-10;right;4;atalanta;2.0;1.0;141.0;6.0;5.0;-1.0;P;0.0;0.0;0.0;0.0;0.0;0.0;0.0;0.0;0.0;0.0;0.0;0.0;0.0;0.0;2.0;2.0;1.31;-1;39.0;31.0;2.0;3.23;6.45;4.0;-1;-1.0;-1.0;-1.0;-1.0;-1.0;-1.0;-1.0;-1.0;-1.0;-1.0;-1.0;-1.0;-1.0;-1.0;-1.0;-1.0;-1.0;-1.0;-1.0
24134;Michele;castagnetti;{'uuid': '15cfc725-f2e8-4d2a-8fd7-17c9e164430d', 'name': 'cremonese'};Midfielder;False;False;['DM', 'M'];C;Michele Castagnetti;Italy;1989-12-27;left;5863;cremonese;35.0;30.0;2690.0;6.17;6.28;35.19;C;1.0;2.0;0.07;2.0;0.62;0.02;3.59;0.12;0.0;6.0;0.0;0.0;0.0;0.0;0.0;0.0;0.0;-1;39.0;38.0;34.0;78.95;89.47;76.0;-1;-1.0;-1.0;72.58;39.33;57.02;63.91;-1.0;51.42;-1.0;58.7;-1.0;-1.0;-1.0;-1.0;56.99;-1.0;56.41;-1.0;59.39
28230;adrien;tameze;{'uuid': '8cbf8ec8-2e07-4946-9d90-58b0da6a9c14', 'name': 'torino'};Midfielder;False;False;['DM', 'M'];C;Adrien  Tameze;France;1994-02-04;right;4890;torino;20.0;9.0;732.0;5.69;5.62;17.88;C;0.0;0.0;0.0;0.0;0.23;0.03;0.66;0.08;0.0;3.0;0.0;0.0;0.0;0.0;0.0;0.0;0.0;-1;39.0;34.0;15.0;26.47;44.12;21.0;-1;-1.0;-1.0;-1.0;-1.0;-1.0;-1.0;-1.0;-1.0;-1.0;-1.0;-1.0;-1.0;-1.0;-1.0;-1.0;-1.0;-1.0;-1.0;-1.0
38021;Kevin;De Bruyne;{'uuid': '28ba208b-80fd-4a40-8014-bc82d2976fc3', 'name': 'napoli'};Attacking-Midfielder;False;False;['OM'];C;Kevin De Bruyne;Belgium;1991-06-28;right;2517;napoli;28.0;19.0;1849.0;6.34;7.02;97.68;C;8.0;4.0;0.19;3.0;4.11;0.2;8.02;0.39;0.0;2.0;0.0;0.0;0.0;0.0;0.0;0.0;0.0;-1;39.0;33.0;26.0;57.58;78.79;52.0;-1;69.55;-1.0;93.17;80.3;56.75;78.94;69.22;88.31;59.57;83.21;76.49;-1.0;61.97;-1.0;63.07;-1.0;82.35;66.26;89.74
49855;Yann;sommer;{'uuid': 'fb3aee60-b9c5-4842-b8c0-f338743a5532', 'name': 'inter'};Goalkeeper;False;False;['G'];P;Yann Sommer;Switzerland;1988-12-17;right;2428;inter;33.0;33.0;3214.0;6.21;5.73;-1.0;P;0.0;0.0;0.0;0.0;0.0;0.0;0.0;0.0;0.0;0.0;0.0;0.0;1.0;13.0;32.0;32.0;29.79;-1;39.0;36.0;33.0;91.67;91.67;87.0;-1;-1.0;-1.0;-1.0;-1.0;-1.0;-1.0;-1.0;-1.0;-1.0;-1.0;-1.0;-1.0;-1.0;-1.0;-1.0;-1.0;-1.0;-1.0;-1.0
49991;Remo;freuler;{'uuid': '7bbe67b4-c9f4-48a3-be6f-23aa61167ff2', 'name': 'bologna'};Midfielder;False;False;['DM', 'M'];C;Remo Freuler;Switzerland;1992-04-15;right;788;bologna;37.0;37.0;3449.0;6.08;6.08;43.07;C;0.0;1.0;0.03;1.0;1.62;0.04;1.45;0.04;0.0;6.0;0.0;0.0;0.0;0.0;0.0;0.0;0.0;-1;39.0;37.0;37.0;100.0;100.0;94.0;-1;-1.0;-1.0;75.47;59.11;77.56;71.42;-1.0;52.67;-1.0;77.74;53.66;-1.0;-1.0;-1.0;74.77;-1.0;73.96;-1.0;81.83
50007;berat;djimsiti;{'uuid': '313d7f52-5056-426e-9637-9aeae2c94d8d', 'name': 'atalanta'};Defender;False;False;['CB'];D;Berat  Djimsiti;Switzerland;1993-02-19;right;787;atalanta;34.0;32.0;2838.0;6.0;6.0;67.03;D;2.0;1.0;0.03;2.0;2.1;0.07;0.66;0.02;0.0;6.0;0.0;0.0;0.0;0.0;0.0;0.0;0.0;-1;39.0;35.0;33.0;91.43;94.29;78.0;-1;57.38;59.34;58.14;59.51;82.24;77.32;-1.0;-1.0;-1.0;78.22;54.04;67.95;-1.0;-1.0;79.4;62.24;74.07;-1.0;71.77
68085;Christian;kabasele;{'uuid': '10699c39-fa51-4968-8ee6-209df2113a8c', 'name': 'udinese'};Defender;False;False;['CB'];D;Christian Kabasele;Congo DR;1991-02-24;right;4263;udinese;16.0;12.0;1256.0;5.97;6.34;92.48;D;0.0;2.0;0.14;3.0;2.24;0.16;0.18;0.01;0.0;0.0;0.0;0.0;0.0;0.0;0.0;0.0;0.0;-1;39.0;37.0;16.0;32.43;43.24;35.0;-1;-1.0;74.02;64.04;59.18;75.84;72.85;-1.0;-1.0;55.04;72.17;-1.0;76.16;64.26;-1.0;79.58;62.44;67.53;-1.0;50.29
79320;Mehdi;taremi;{'uuid': 'fb3aee60-b9c5-4842-b8c0-f338743a5532', 'name': 'inter'};Forward;False;False;['CF'];A;Mehdi Taremi;Iran;1992-07-18;right;6628;inter;26.0;7.0;942.0;5.88;6.01;30.52;A;1.0;1.0;0.1;0.0;2.58;0.25;0.63;0.06;0.0;1.0;1.0;1.0;0.0;0.0;0.0;0.0;0.0;-1;39.0;36.0;21.0;19.44;58.33;27.0;-1;-1.0;-1.0;-1.0;-1.0;-1.0;-1.0;-1.0;-1.0;-1.0;-1.0;-1.0;-1.0;-1.0;-1.0;-1.0;-1.0;-1.0;-1.0;-1.0
83753;Nicolae;stanciu;{'uuid': '8f9c4fc6-a3f1-4750-979a-7b10da38e12f', 'name': 'genoa'};;False;False;['M', 'OM'];C;Nicolae Stanciu;;1993-05-07;;7135;genoa;-1.0;-1.0;-1.0;-1.0;-1.0;-1.0;C;-1.0;-1.0;-1.0;-2.0;-1.0;-1.0;-1.0;-1.0;-1.0;-1.0;-1.0;-1.0;-1.0;-1.0;-1.0;-1.0;-1.0;-1;39.0;-1.0;-1.0;-1.0;-1.0;-1.0;-1;-1.0;-1.0;-1.0;-1.0;-1.0;-1.0;-1.0;-1.0;-1.0;-1.0;-1.0;-1.0;-1.0;-1.0;-1.0;-1.0;-1.0;-1.0;-1.0
86243;duvan esteban;zapata d.;{'uuid': '8cbf8ec8-2e07-4946-9d90-58b0da6a9c14', 'name': 'torino'};Forward;False;False;['CF'];A;Duvan Esteban Zapata Banguera;Colombia;1991-04-01;right;608;torino;7.0;7.0;633.0;6.16;7.37;83.31;A;0.0;3.0;0.43;5.0;3.16;0.45;0.53;0.08;0.0;1.0;0.0;0.0;0.0;0.0;0.0;0.0;0.0;-1;39.0;7.0;7.0;100.0;100.0;17.0;-1;-1.0;-1.0;-1.0;-1.0;-1.0;-1.0;-1.0;-1.0;-1.0;-1.0;-1.0;-1.0;-1.0;-1.0;-1.0;-1.0;-1.0;-1.0;-1.0
89186;paulo bruno exequiel;dybala;{'uuid': '1e324d46-77cf-49f1-8dd2-9a0e343741c2', 'name': 'roma'};Attacking-Midfielder;False;False;['F'];A;Paulo Bruno Exequiel Dybala;Argentina;1993-11-15;left;309;roma;24.0;16.0;1494.0;6.2;7.03;91.56;A;3.0;6.0;0.36;3.0;3.19;0.19;5.31;0.32;0.0;2.0;3.0;3.0;0.0;0.0;0.0;0.0;0.0;-1;39.0;31.0;21.0;51.61;67.74;43.0;-1;60.72;58.01;73.42;77.55;60.63;70.55;64.17;65.62;70.78;76.09;72.18;-1.0;63.67;56.38;63.79;-1.0;80.15;71.62;83.27
92900;charalampos;lykogiannis;{'uuid': '7bbe67b4-c9f4-48a3-be6f-23aa61167ff2', 'name': 'bologna'};Wing-Back;False;False;['LB', 'E'];D;Charalampos Lykogiannis;Greece;1993-10-22;left;2653;bologna;17.0;12.0;1134.0;5.95;6.1;79.95;D;4.0;0.0;0.0;0.0;0.11;0.01;1.56;0.12;0.0;3.0;0.0;0.0;0.0;0.0;0.0;0.0;0.0;-1;39.0;34.0;17.0;35.29;50.0;32.0;-1;59.11;-1.0;55.38;59.36;55.03;67.61;87.74;65.28;-1.0;67.93;56.73;-1.0;-1.0;-1.0;59.98;59.69;58.41;-1.0;54.31
99430;lukasz;skorupski;{'uuid': '7bbe67b4-c9f4-48a3-be6f-23aa61167ff2', 'name': 'bologna'};Goalkeeper;False;False;['G'];P;Lukasz Skorupski;Poland;1991-05-05;right;133;bologna;27.0;27.0;2571.0;6.09;5.26;-1.0;P;0.0;0.0;0.0;0.0;0.0;0.0;0.0;0.0;0.0;1.0;0.0;0.0;1.0;8.0;33.0;33.0;23.71;-1;39.0;35.0;27.0;77.14;77.14;69.0;-1;-1.0;-1.0;-1.0;-1.0;-1.0;-1.0;-1.0;-1.0;-1.0;-1.0;-1.0;-1.0;-1.0;-1.0;-1.0;-1.0;-1.0;-1.0;-1.0
99452;Arkadiusz Krystian;milik;{'uuid': '8f4e639c-b52a-4ea8-9f2c-80c5172add56', 'name': 'juventus'};;False;False;['CF'];A;Arkadiusz Milik;;1994-02-28;;2012;juventus;-1.0;-1.0;-1.0;-1.0;-1.0;52.83;A;-1.0;-1.0;-1.0;-2.0;-1.0;-1.0;-1.0;-1.0;-1.0;-1.0;-1.0;-1.0;-1.0;-1.0;-1.0;-1.0;-1.0;-1;39.0;-1.0;-1.0;-1.0;-1.0;-1.0;-1;-1.0;-1.0;-1.0;-1.0;-1.0;-1.0;-1.0;-1.0;-1.0;-1.0;-1.0;-1.0;-1.0;-1.0;-1.0;-1.0;-1.0;-1.0;-1.0
99902;piotr sebastian;zielinski;{'uuid': 'fb3aee60-b9c5-4842-b8c0-f338743a5532', 'name': 'inter'};Midfielder;False;False;['M', 'OM'];C;Piotr Zielinski;Poland;1994-05-20;right;152;inter;26.0;8.0;1084.0;6.15;6.38;80.47;C;0.0;2.0;0.17;0.0;1.63;0.14;0.67;0.06;0.0;0.0;2.0;2.0;0.0;0.0;0.0;0.0;0.0;-1;39.0;30.0;22.0;26.67;73.33;31.0;-1;62.2;-1.0;70.95;60.98;86.56;83.6;-1.0;-1.0;60.08;87.99;56.78;-1.0;46.03;-1.0;89.6;-1.0;87.6;-1.0;72.61
105338;henrikh;mkhitaryan;{'uuid': 'fb3aee60-b9c5-4842-b8c0-f338743a5532', 'name': 'inter'};Mezzala;False;False;['M', 'OM'];C;Henrikh Hamlet Mkhitaryan;Armenia;1989-01-21;right;2529;inter;32.0;30.0;2536.0;6.08;6.2;70.47;C;3.0;1.0;0.04;1.0;1.77;0.06;2.74;0.1;0.0;4.0;0.0;0.0;0.0;0.0;0.0;0.0;0.0;-1;39.0;34.0;32.0;88.24;94.12;72.0;-1;71.67;-1.0;80.46;61.63;75.03;79.09;-1.0;68.35;-1.0;86.94;58.56;-1.0;-1.0;52.79;78.97;-1.0;85.07;-1.0;78.05
116349;Matias;vecino;{'uuid': 'f10c49fc-d0ce-4a7b-ba2d-f136e95e0fe0', 'name': 'lazio'};Midfielder;False;False;['DM', 'M'];C;Matias Vecino Falero;Uruguay;1991-08-24;right;181;lazio;20.0;7.0;995.0;5.99;6.22;72.56;C;2.0;2.0;0.18;3.0;2.98;0.27;0.87;0.08;0.0;7.0;0.0;0.0;0.0;0.0;0.0;0.0;0.0;-1;39.0;23.0;18.0;30.43;78.26;28.0;-1;-1.0;-1.0;-1.0;-1.0;-1.0;-1.0;-1.0;-1.0;-1.0;-1.0;-1.0;-1.0;-1.0;-1.0;-1.0;-1.0;-1.0;-1.0;-1.0
127796;Filip;kostic;{'uuid': '8f4e639c-b52a-4ea8-9f2c-80c5172add56', 'name': 'juventus'};Wide-Midfielder;False;False;['E', 'W'];C;Filip Kostic;Serbia;1992-11-01;left;4711;juventus;27.0;22.0;2192.0;6.21;6.49;60.29;C;7.0;1.0;0.04;1.0;1.48;0.06;5.27;0.22;0.0;5.0;0.0;0.0;0.0;0.0;0.0;0.0;0.0;-1;39.0;28.0;27.0;78.57;96.43;60.0;-1;65.49;-1.0;50.64;58.78;47.57;55.97;82.77;56.22;-1.0;56.12;58.14;-1.0;-1.0;-1.0;50.17;-1.0;53.93;61.32;48.17
134414;Luca;lezzerini;{'uuid': '573f5fa3-5623-417c-9efc-f28b50bc7778', 'name': 'fiorentina'};Goalkeeper;False;False;['G'];P;Luca Lezzerini;Italy;1995-03-24;right;158;fiorentina;37.0;37.0;3640.0;6.23;5.24;-1.0;P;0.0;0.0;0.0;0.0;0.0;0.0;0.0;0.0;0.0;3.0;0.0;0.0;1.0;10.0;48.0;48.0;41.24;-1;39.0;37.0;37.0;100.0;100.0;97.0;-1;-1.0;-1.0;-1.0;-1.0;-1.0;-1.0;-1.0;-1.0;-1.0;-1.0;-1.0;-1.0;-1.0;-1.0;-1.0;-1.0;-1.0;-1.0;-1.0
134427;Daniele;Rugani;{'uuid': '8f4e639c-b52a-4ea8-9f2c-80c5172add56', 'name': 'juventus'};Defender;False;False;['CB'];D;Daniele Rugani;Italy;1994-07-29;right;294;juventus;15.0;7.0;787.0;6.13;6.1;84.54;D;0.0;0.0;0.0;0.0;0.1;0.01;0.24;0.03;0.0;1.0;0.0;0.0;0.0;0.0;0.0;0.0;0.0;-1;39.0;29.0;11.0;24.14;37.93;22.0;-1;-1.0;-1.0;-1.0;-1.0;-1.0;-1.0;-1.0;-1.0;-1.0;-1.0;-1.0;-1.0;-1.0;-1.0;-1.0;-1.0;-1.0;-1.0;-1.0
134435;Alberto;grassi;{'uuid': '15cfc725-f2e8-4d2a-8fd7-17c9e164430d', 'name': 'cremonese'};Midfielder;False;False;['DM', 'M'];C;Alberto Grassi;Italy;1995-03-07;right;27;cremonese;28.0;27.0;2332.0;5.87;5.83;23.48;C;0.0;1.0;0.04;1.0;1.36;0.05;0.22;0.01;0.0;8.0;0.0;0.0;0.0;0.0;0.0;0.0;0.0;-1;39.0;29.0;28.0;93.1;96.55;66.0;-1;-1.0;-1.0;65.7;61.54;59.95;56.8;-1.0;-1.0;-1.0;59.59;54.19;-1.0;-1.0;-1.0;58.41;-1.0;58.99;-1.0;77.92
134478;Stefano;sabelli;{'uuid': '8f9c4fc6-a3f1-4750-979a-7b10da38e12f', 'name': 'genoa'};Wing-Back;False;False;['RB', 'LB', 'E'];D;Stefano Sabelli;Italy;1993-01-13;right;791;genoa;34.0;23.0;2229.0;5.77;5.78;36.77;D;2.0;0.0;0.0;0.0;0.08;0.0;1.66;0.07;0.0;3.0;0.0;0.0;0.0;0.0;0.0;0.0;0.0;-1;39.0;38.0;30.0;60.53;78.95;63.0;-1;-1.0;-1.0;77.69;56.09;65.22;71.34;63.98;58.74;-1.0;65.59;52.6;-1.0;-1.0;-1.0;73.23;52.99;62.27;-1.0;55.47
134496;mike;maignan;{'uuid': '2e4b19a8-e58e-4782-905f-bf0219218572', 'name': 'milan'};Goalkeeper;False;False;['G'];P;Mike Maignan;French Guiana;1995-07-03;right;4312;milan;37.0;37.0;3575.0;6.22;5.5;-1.0;P;0.0;0.0;0.0;0.0;0.0;0.0;0.0;0.0;0.0;1.0;0.0;0.0;1.0;12.0;41.0;41.0;38.08;-1;39.0;37.0;37.0;100.0;100.0;96.0;-1;-1.0;-1.0;-1.0;-1.0;-1.0;-1.0;-1.0;-1.0;-1.0;-1.0;-1.0;-1.0;-1.0;-1.0;-1.0;-1.0;-1.0;-1.0;-1.0
134797;Hernani;hernani;{'uuid': '05e5b3ab-8801-47e6-9eef-f6edc799628c', 'name': 'parma'};Midfielder;False;False;['M'];C;Hernani Azevedo Junior;Brazil;1994-03-27;right;4423;parma;25.0;15.0;1408.0;5.85;6.19;60.61;C;3.0;3.0;0.19;0.0;0.24;0.02;1.75;0.11;0.0;7.0;3.0;3.0;0.0;0.0;0.0;0.0;0.0;-1;39.0;27.0;25.0;55.56;92.59;41.0;-1;60.55;-1.0;62.78;59.44;54.05;64.21;-1.0;67.93;-1.0;63.63;55.51;56.93;-1.0;-1.0;56.08;-1.0;65.59;-1.0;73.65
134992;jesper;karlstrom;{'uuid': '10699c39-fa51-4968-8ee6-209df2113a8c', 'name': 'udinese'};Midfielder;False;False;['DM', 'M'];C;Jesper Karlstrom;Sweden;1995-06-21;right;6680;udinese;39.0;38.0;3636.0;5.98;5.89;31.22;C;1.0;0.0;0.0;0.0;0.95;0.02;1.75;0.04;0.0;9.0;0.0;0.0;0.0;0.0;0.0;0.0;0.0;-1;39.0;39.0;39.0;97.44;100.0;99.0;-1;-1.0;-1.0;79.96;57.0;71.31;70.73;-1.0;55.83;-1.0;70.95;52.07;-1.0;-1.0;-1.0;69.18;-1.0;68.93;-1.0;82.95
135807;mario;pasalic;{'uuid': '313d7f52-5056-426e-9637-9aeae2c94d8d', 'name': 'atalanta'};Midfielder;False;False;['M', 'OM'];C;Mario Pasalic;Croatia;1995-02-09;right;2077;atalanta;34.0;23.0;2109.0;6.09;6.31;85.84;C;2.0;3.0;0.13;3.0;7.35;0.31;2.34;0.1;0.0;1.0;0.0;1.0;0.0;0.0;0.0;0.0;0.0;-1;39.0;38.0;33.0;60.53;86.84;60.0;-1;63.33;64.08;79.01;67.14;82.75;89.34;-1.0;59.43;57.22;85.6;56.94;57.6;50.8;-1.0;82.86;-1.0;85.1;-1.0;80.96
138548;Ruslan;malinovskyi;{'uuid': '8f9c4fc6-a3f1-4750-979a-7b10da38e12f', 'name': 'genoa'};Mezzala;False;False;['M', 'OM'];C;Ruslan Malinovskyi;Ukraine;1993-05-04;left;4427;genoa;9.0;4.0;422.0;5.92;6.03;70.83;C;2.0;0.0;0.0;0.0;0.08;0.02;1.23;0.26;0.0;2.0;0.0;0.0;0.0;0.0;0.0;0.0;0.0;-1;39.0;12.0;9.0;33.33;75.0;12.0;-1;-1.0;-1.0;-1.0;-1.0;-1.0;-1.0;-1.0;-1.0;-1.0;-1.0;-1.0;-1.0;-1.0;-1.0;-1.0;-1.0;-1.0;-1.0;-1.0
146569;marc-oliver;kempf;{'uuid': '3d3e3a11-950e-4170-a228-5bd0943e5716', 'name': 'como'};Defender;False;False;['CB'];D;Marc-Oliver Kempf;Germany;1995-01-28;left;6893;como;34.0;33.0;3062.0;5.91;5.79;43.68;D;0.0;0.0;0.0;0.0;1.92;0.06;0.8;0.02;1.0;6.0;0.0;0.0;0.0;0.0;0.0;0.0;0.0;-1;39.0;35.0;34.0;94.29;97.14;83.0;-1;-1.0;64.64;61.05;56.05;83.65;75.44;-1.0;-1.0;-1.0;80.54;-1.0;74.98;-1.0;-1.0;81.95;60.17;77.81;-1.0;57.71
146588;alessio;romagnoli;{'uuid': 'f10c49fc-d0ce-4a7b-ba2d-f136e95e0fe0', 'name': 'lazio'};Defender;False;True;['CB'];D;Alessio Romagnoli;Italy;1995-01-12;left;460;lazio;32.0;31.0;2907.0;6.0;6.06;70.32;D;0.0;2.0;0.06;3.0;2.76;0.09;0.08;0.0;2.0;4.0;0.0;0.0;0.0;0.0;0.0;0.0;0.0;-1;39.0;34.0;32.0;91.18;94.12;78.0;-1;-1.0;53.05;62.58;57.92;90.01;77.46;-1.0;-1.0;-1.0;78.07;-1.0;61.01;-1.0;-1.0;88.91;87.59;68.91;-1.0;59.95
167641;stanislav;lobotka;{'uuid': '28ba208b-80fd-4a40-8014-bc82d2976fc3', 'name': 'napoli'};Midfielder;False;False;['DM', 'M'];C;Stanislav Lobotka;Slovakia;1994-11-25;right;4287;napoli;32.0;31.0;2822.0;6.2;6.18;54.09;C;1.0;0.0;0.0;0.0;0.32;0.01;1.19;0.04;0.0;3.0;0.0;0.0;0.0;0.0;0.0;0.0;0.0;-1;39.0;33.0;31.0;93.94;93.94;79.0;-1;-1.0;-1.0;78.66;55.54;83.09;80.91;-1.0;-1.0;-1.0;85.89;-1.0;-1.0;-1.0;-1.0;81.65;-1.0;83.96;-1.0;82.87
190167;leonardo;spinazzola;{'uuid': '28ba208b-80fd-4a40-8014-bc82d2976fc3', 'name': 'napoli'};Wing-Back;False;False;['LB', 'E'];D;Leonardo Spinazzola;Italy;1993-03-25;right;1852;napoli;27.0;17.0;1663.0;6.15;6.28;90.47;D;1.0;1.0;0.05;1.0;1.25;0.07;2.77;0.15;0.0;1.0;0.0;0.0;0.0;0.0;0.0;0.0;0.0;-1;39.0;33.0;23.0;51.52;69.7;47.0;-1;96.23;-1.0;80.37;61.43;57.17;68.14;77.49;66.65;-1.0;75.8;58.15;-1.0;-1.0;-1.0;63.5;-1.0;77.13;78.94;57.79
208652;Valentino;lazaro;{'uuid': '8cbf8ec8-2e07-4946-9d90-58b0da6a9c14', 'name': 'torino'};Wide-Midfielder;False;False;['RB', 'E'];D;Valentino Lazaro;Austria;1996-03-24;right;4385;torino;33.0;26.0;2458.0;5.81;5.87;56.86;D;5.0;0.0;0.0;0.0;1.43;0.05;4.26;0.16;0.0;6.0;0.0;0.0;0.0;0.0;0.0;0.0;0.0;-1;39.0;34.0;32.0;76.47;94.12;70.0;-1;64.48;-1.0;-1.0;60.38;51.34;59.88;66.91;55.58;-1.0;68.92;56.64;-1.0;-1.0;-1.0;53.01;-1.0;64.16;55.17;59.95
208696;matteo;politano;{'uuid': '28ba208b-80fd-4a40-8014-bc82d2976fc3', 'name': 'napoli'};Wing-Forward;False;False;['W'];C;Matteo Politano;Italy;1993-08-03;left;536;napoli;37.0;34.0;2942.0;6.17;6.48;83.87;C;4.0;3.0;0.09;3.0;3.8;0.12;6.93;0.21;0.0;3.0;0.0;0.0;0.0;0.0;0.0;0.0;0.0;-1;39.0;37.0;37.0;91.89;100.0;85.0;-1;79.27;-1.0;63.64;70.57;48.68;61.5;74.19;68.45;55.26;71.61;77.11;-1.0;59.03;64.59;59.02;-1.0;76.25;86.54;59.83
209400;Domenico;Berardi;{'uuid': '1cdca4b8-4eea-4a38-a776-63f5887d5762', 'name': 'sassuolo'};Wing-Forward;False;False;['F'];A;Domenico Berardi;Italy;1994-08-01;left;531;sassuolo;29.0;25.0;2380.0;6.48;7.51;70.07;A;14.0;6.0;0.23;5.0;5.09;0.19;7.72;0.29;0.0;4.0;1.0;1.0;0.0;0.0;0.0;0.0;0.0;-1;39.0;31.0;29.0;80.65;93.55;67.0;-1;44.86;-1.0;61.47;59.83;42.92;49.42;56.0;74.46;51.14;55.24;53.23;-1.0;48.88;46.47;40.09;-1.0;56.61;46.4;52.25
215917;Hassane;kamara h.;{'uuid': '10699c39-fa51-4968-8ee6-209df2113a8c', 'name': 'udinese'};Wide-Midfielder;True;False;['LB', 'E'];D;Hassane Kamara;France;1994-03-05;left;5555;udinese;30.0;25.0;2143.0;5.88;5.96;70.93;D;4.0;1.0;0.04;1.0;1.15;0.05;2.67;0.11;1.0;7.0;0.0;0.0;0.0;0.0;0.0;0.0;0.0;-1;39.0;34.0;30.0;73.53;88.24;60.0;-1;77.25;-1.0;-1.0;58.91;58.76;61.15;82.2;57.1;-1.0;64.83;58.72;-1.0;-1.0;-1.0;64.12;-1.0;60.7;62.73;56.03
216568;Albert;gudmundsson a.;{'uuid': '573f5fa3-5623-417c-9efc-f28b50bc7778', 'name': 'fiorentina'};Forward;False;False;['OM', 'F'];C;Albert Gudmundsson;Iceland;1997-06-15;right;5800;fiorentina;24.0;16.0;1363.0;6.05;6.8;96.77;C;1.0;6.0;0.4;4.0;2.37;0.16;1.84;0.12;0.0;2.0;2.0;2.0;0.0;0.0;0.0;0.0;0.0;-1;39.0;27.0;21.0;59.26;77.78;39.0;-1;68.92;-1.0;-1.0;68.77;58.22;62.48;-1.0;60.89;88.54;72.56;60.8;-1.0;80.54;-1.0;-1.0;-1.0;76.6;61.38;77.58
220313;Alberto;paleari;{'uuid': '8cbf8ec8-2e07-4946-9d90-58b0da6a9c14', 'name': 'torino'};Goalkeeper;False;False;['G'];P;Alberto Paleari;Italy;1992-08-29;right;5320;torino;1.0;1.0;96.0;5.55;2.55;-1.0;P;0.0;0.0;0.0;0.0;0.0;0.0;0.0;0.0;0.0;0.0;0.0;0.0;0.0;0.0;3.0;3.0;2.05;-1;39.0;38.0;1.0;2.63;2.63;3.0;-1;-1.0;-1.0;-1.0;-1.0;-1.0;-1.0;-1.0;-1.0;-1.0;-1.0;-1.0;-1.0;-1.0;-1.0;-1.0;-1.0;-1.0;-1.0;-1.0
224080;guillermo;maripan;{'uuid': '8cbf8ec8-2e07-4946-9d90-58b0da6a9c14', 'name': 'torino'};Defender;False;False;['CB'];D;Guillermo Alfonso Maripan Loaysa;Chile;1994-05-06;right;4665;torino;28.0;27.0;2534.0;5.94;5.98;74.56;D;1.0;1.0;0.04;2.0;1.2;0.04;0.4;0.01;1.0;4.0;0.0;0.0;0.0;0.0;0.0;0.0;0.0;-1;39.0;34.0;28.0;79.41;82.35;69.0;-1;-1.0;-1.0;70.15;56.64;81.91;78.55;-1.0;58.79;-1.0;79.02;-1.0;58.41;-1.0;-1.0;74.68;63.78;77.64;-1.0;62.82
225472;amir;rrahmani;{'uuid': '28ba208b-80fd-4a40-8014-bc82d2976fc3', 'name': 'napoli'};Defender;False;False;['CB'];D;Amir Rrahmani;Kosovo;1994-02-24;right;4409;napoli;38.0;38.0;3696.0;6.15;6.18;81.83;D;1.0;1.0;0.02;2.0;2.58;0.06;0.65;0.02;0.0;2.0;0.0;0.0;0.0;0.0;0.0;0.0;0.0;-1;39.0;38.0;38.0;100.0;100.0;100.0;-1;56.44;59.04;68.21;56.71;91.34;89.06;-1.0;-1.0;-1.0;90.56;-1.0;68.41;-1.0;-1.0;91.22;79.01;89.98;-1.0;66.17
225946;arnaldo antonio;sanabria;{'uuid': '15cfc725-f2e8-4d2a-8fd7-17c9e164430d', 'name': 'cremonese'};Forward;False;False;['CF'];A;Arnaldo Antonio Sanabria Ayala;Paraguay;1996-03-04;right;479;torino;26.0;16.0;1427.0;5.53;5.65;12.1;A;1.0;2.0;0.13;3.0;2.06;0.13;0.24;0.02;0.0;2.0;0.0;1.0;0.0;0.0;0.0;0.0;0.0;-1;39.0;36.0;22.0;44.44;61.11;41.0;-1;-1.0;-1.0;-1.0;71.86;-1.0;-1.0;-1.0;-1.0;-1.0;51.65;59.45;60.1;-1.0;-1.0;-1.0;-1.0;51.98;-1.0;56.5
226200;manuel;lazzari;{'uuid': 'f10c49fc-d0ce-4a7b-ba2d-f136e95e0fe0', 'name': 'lazio'};Wing-Back;False;False;['RB', 'E'];D;Manuel Lazzari;Italy;1993-11-29;right;2263;lazio;25.0;16.0;1516.0;5.9;5.88;45.63;D;1.0;0.0;0.0;0.0;0.15;0.01;2.88;0.17;0.0;3.0;0.0;0.0;0.0;0.0;0.0;0.0;0.0;-1;39.0;28.0;23.0;57.14;82.14;43.0;-1;92.45;-1.0;55.05;60.42;64.79;58.09;93.25;72.61;-1.0;69.69;67.71;-1.0;-1.0;54.39;72.86;70.64;67.33;69.75;52.85
226220;lorenzo;montipo';{'uuid': 'e9e1d0da-2ab8-449c-8738-84666289eb1b', 'name': 'verona'};Goalkeeper;False;False;['G'];P;Lorenzo Montipo;Italy;1996-02-20;right;4957;verona;36.0;36.0;3470.0;6.08;4.55;-1.0;P;0.0;0.0;0.0;0.0;0.0;0.0;0.06;0.0;0.0;0.0;0.0;0.0;1.0;8.0;64.0;64.0;50.74;-1;39.0;37.0;36.0;97.3;97.3;95.0;-1;-1.0;-1.0;-1.0;-1.0;-1.0;-1.0;-1.0;-1.0;-1.0;-1.0;-1.0;-1.0;-1.0;-1.0;-1.0;-1.0;-1.0;-1.0;-1.0
226222;wladimiro;falcone;{'uuid': '8fa5643a-841a-44a2-8126-637759f8911e', 'name': 'lecce'};Goalkeeper;False;False;['G'];P;Wladimiro Falcone;Italy;1995-04-12;right;2134;lecce;38.0;38.0;3707.0;6.2;4.96;-1.0;P;0.0;0.0;0.0;0.0;0.0;0.0;0.0;0.0;0.0;2.0;0.0;0.0;1.0;9.0;58.0;58.0;50.18;-1;39.0;38.0;38.0;100.0;100.0;100.0;-1;-1.0;-1.0;-1.0;-1.0;-1.0;-1.0;-1.0;-1.0;-1.0;-1.0;-1.0;-1.0;-1.0;-1.0;-1.0;-1.0;-1.0;-1.0;-1.0
226226;Simone;perilli;{'uuid': 'e9e1d0da-2ab8-449c-8738-84666289eb1b', 'name': 'verona'};Goalkeeper;False;False;['G'];P;Simone Perilli;Italy;1995-01-07;right;511;verona;2.0;2.0;197.0;6.43;5.43;-1.0;P;0.0;0.0;0.0;0.0;0.0;0.0;0.0;0.0;0.0;0.0;0.0;0.0;0.0;0.0;2.0;2.0;2.5;-1;39.0;38.0;2.0;5.26;5.26;5.0;-1;-1.0;-1.0;-1.0;-1.0;-1.0;-1.0;-1.0;-1.0;-1.0;-1.0;-1.0;-1.0;-1.0;-1.0;-1.0;-1.0;-1.0;-1.0;-1.0
228928;adam;marusic;{'uuid': 'f10c49fc-d0ce-4a7b-ba2d-f136e95e0fe0', 'name': 'lazio'};Wing-Back;False;False;['RB', 'LB', 'E'];D;Adam Marusic;Serbia;1992-10-17;right;2188;lazio;35.0;26.0;2555.0;5.88;6.15;74.41;D;0.0;4.0;0.14;6.0;1.87;0.07;0.35;0.01;0.0;1.0;0.0;0.0;0.0;0.0;0.0;0.0;0.0;-1;39.0;38.0;34.0;68.42;89.47;70.0;-1;54.36;-1.0;-1.0;59.52;71.16;61.57;69.56;-1.0;-1.0;67.93;57.71;-1.0;-1.0;-1.0;79.07;54.34;58.52;-1.0;60.8
229108;Jean;Butez;{'uuid': '3d3e3a11-950e-4170-a228-5bd0943e5716', 'name': 'como'};Goalkeeper;False;False;['G'];P;Jean Butez;France;1995-06-08;right;6966;como;19.0;18.0;1798.0;6.12;5.33;-1.0;P;0.0;0.0;0.0;0.0;0.0;0.0;0.19;0.01;0.0;0.0;0.0;0.0;0.0;5.0;20.0;20.0;17.86;-1;39.0;39.0;19.0;46.15;48.72;49.0;-1;-1.0;-1.0;-1.0;-1.0;-1.0;-1.0;-1.0;-1.0;-1.0;-1.0;-1.0;-1.0;-1.0;-1.0;-1.0;-1.0;-1.0;-1.0;-1.0
232822;adam;masina;{'uuid': '8cbf8ec8-2e07-4946-9d90-58b0da6a9c14', 'name': 'torino'};Defender;False;False;['LA', 'LB', 'E'];D;Adam Masina;Morocco;1994-01-02;left;49;torino;28.0;20.0;2099.0;5.92;6.04;71.65;D;3.0;1.0;0.04;2.0;1.01;0.04;0.23;0.01;0.0;5.0;0.0;0.0;0.0;0.0;0.0;0.0;0.0;-1;39.0;37.0;25.0;54.05;67.57;58.0;-1;-1.0;62.17;62.62;55.6;81.27;79.84;-1.0;-1.0;-1.0;81.58;-1.0;-1.0;-1.0;-1.0;82.0;68.29;80.42;-1.0;61.18
235555;Ruben;loftus-cheek;{'uuid': '2e4b19a8-e58e-4782-905f-bf0219218572', 'name': 'milan'};Midfielder;False;False;['M', 'OM'];C;Ruben Loftus-Cheek;England;1996-01-23;right;4199;milan;19.0;10.0;1151.0;5.91;5.83;66.24;C;0.0;0.0;0.0;0.0;0.88;0.07;1.32;0.1;0.0;3.0;0.0;0.0;0.0;0.0;0.0;0.0;0.0;-1;39.0;19.0;19.0;52.63;100.0;32.0;-1;67.86;-1.0;59.46;64.47;75.21;67.48;-1.0;-1.0;-1.0;77.37;58.03;64.99;-1.0;-1.0;70.6;-1.0;74.98;58.05;63.97
237057;Morten;thorsby;{'uuid': '8f9c4fc6-a3f1-4750-979a-7b10da38e12f', 'name': 'genoa'};Mezzala;False;False;['M', 'OM'];C;Morten Thorsby;Norway;1996-05-05;right;4404;genoa;30.0;22.0;2042.0;5.79;5.66;25.63;C;1.0;0.0;0.0;0.0;2.66;0.12;1.27;0.06;0.0;6.0;0.0;0.0;0.0;0.0;0.0;0.0;0.0;-1;39.0;32.0;29.0;68.75;90.62;58.0;-1;57.83;56.97;58.31;71.08;-1.0;53.1;-1.0;55.09;-1.0;53.65;62.21;82.1;-1.0;-1.0;-1.0;-1.0;56.89;-1.0;74.63
239288;Simone;scuffet;{'uuid': 'c1a7a918-44f8-4da9-86b6-f8b95e8e261d', 'name': 'pisa'};Goalkeeper;False;False;['G'];P;Simone Scuffet;Italy;1996-05-31;right;574;pisa;14.0;14.0;1366.0;6.14;4.5;-1.0;P;0.0;0.0;0.0;0.0;0.0;0.0;0.0;0.0;0.0;0.0;0.0;0.0;0.0;1.0;24.0;24.0;16.1;-1;39.0;38.0;14.0;36.84;36.84;37.0;-1;-1.0;-1.0;-1.0;-1.0;-1.0;-1.0;-1.0;-1.0;-1.0;-1.0;-1.0;-1.0;-1.0;-1.0;-1.0;-1.0;-1.0;-1.0;-1.0
239289;Arturo;calabresi;{'uuid': 'c1a7a918-44f8-4da9-86b6-f8b95e8e261d', 'name': 'pisa'};Defender;False;False;['LA', 'RB', 'E'];D;Arturo Calabresi;Italy;1996-03-17;right;2745;pisa;28.0;10.0;1212.0;6.1;6.06;33.81;D;1.0;0.0;0.0;0.0;0.01;0.0;0.39;0.03;0.0;4.0;0.0;0.0;0.0;0.0;0.0;0.0;0.0;-1;39.0;38.0;22.0;26.32;57.89;35.0;-1;-1.0;41.52;56.96;40.07;51.08;48.8;-1.0;44.96;-1.0;43.76;38.63;-1.0;-1.0;-1.0;50.58;69.53;40.54;-1.0;37.51
239291;federico;dimarco;{'uuid': 'fb3aee60-b9c5-4842-b8c0-f338743a5532', 'name': 'inter'};Wide-Midfielder;False;False;['E'];D;Federico Dimarco;Italy;1997-11-10;left;254;inter;33.0;29.0;2302.0;6.18;6.71;99.85;D;7.0;4.0;0.16;3.0;3.68;0.14;5.92;0.23;0.0;3.0;0.0;0.0;0.0;0.0;0.0;0.0;0.0;-1;39.0;35.0;32.0;82.86;91.43;66.0;-1;58.29;-1.0;65.77;73.71;52.81;66.23;78.41;68.41;70.6;74.91;70.15;-1.0;59.86;-1.0;62.2;-1.0;66.05;-1.0;56.07
239298;Federico;Bonazzoli;{'uuid': '15cfc725-f2e8-4d2a-8fd7-17c9e164430d', 'name': 'cremonese'};Forward;False;False;['F'];A;Federico Bonazzoli;Italy;1997-05-21;left;505;cremonese;28.0;18.0;1446.0;5.91;6.55;18.28;A;1.0;6.0;0.37;7.0;7.07;0.44;1.62;0.1;0.0;2.0;0.0;0.0;0.0;0.0;0.0;0.0;0.0;-1;39.0;40.0;26.0;45.0;65.0;42.0;-1;-1.0;-1.0;40.75;64.81;46.74;41.59;-1.0;39.08;59.08;47.97;49.95;-1.0;52.44;-1.0;-1.0;-1.0;44.71;-1.0;46.07
246059;Edoardo;goldaniga;{'uuid': '3d3e3a11-950e-4170-a228-5bd0943e5716', 'name': 'como'};Defender;False;False;['CB'];D;Edoardo Goldaniga;Italy;1993-11-02;right;418;como;32.0;28.0;2764.0;5.88;5.77;44.33;D;0.0;1.0;0.03;2.0;2.0;0.06;0.14;0.0;1.0;11.0;0.0;0.0;0.0;0.0;0.0;0.0;0.0;-1;39.0;35.0;30.0;80.0;85.71;75.0;-1;-1.0;-1.0;60.43;57.13;83.75;73.68;-1.0;-1.0;-1.0;77.79;-1.0;-1.0;-1.0;-1.0;87.08;63.71;72.61;-1.0;56.96
246061;Federico;bernardeschi;{'uuid': '7bbe67b4-c9f4-48a3-be6f-23aa61167ff2', 'name': 'bologna'};Wing-Forward;False;False;['W', 'F'];C;Federico Bernardeschi;Italy;1994-02-16;left;184;bologna;15.0;15.0;1423.0;6.15;6.98;65.01;C;3.0;4.0;0.25;3.0;3.18;0.2;3.4;0.22;0.0;5.0;1.0;1.0;0.0;0.0;0.0;0.0;0.0;-1;39.0;15.0;15.0;100.0;100.0;76.0;-1;71.18;-1.0;61.71;63.33;43.19;46.71;52.63;71.65;54.55;58.14;70.73;-1.0;51.5;69.57;48.24;-1.0;67.5;62.71;58.14
246633;mattia;zaccagni;{'uuid': 'f10c49fc-d0ce-4a7b-ba2d-f136e95e0fe0', 'name': 'lazio'};Wing-Forward;False;False;['W', 'F'];C;Mattia Zaccagni;Italy;1995-06-16;right;632;lazio;34.0;33.0;2851.0;6.19;6.93;90.94;C;6.0;8.0;0.25;7.0;5.06;0.16;3.79;0.12;0.0;10.0;2.0;2.0;0.0;0.0;0.0;0.0;0.0;-1;39.0;34.0;34.0;97.06;100.0;80.0;-1;61.75;-1.0;60.59;75.11;50.39;56.74;67.3;59.31;60.13;66.96;71.57;-1.0;70.0;74.74;57.68;-1.0;69.78;81.06;61.66
249266;samuel;gigot;{'uuid': 'f10c49fc-d0ce-4a7b-ba2d-f136e95e0fe0', 'name': 'lazio'};Defender;True;False;['CB'];D;Samuel Gigot;France;1993-10-12;right;5899;lazio;13.0;7.0;754.0;6.19;6.52;95.42;D;0.0;2.0;0.24;4.0;0.94;0.11;0.0;0.0;0.0;2.0;0.0;0.0;0.0;0.0;0.0;0.0;0.0;-1;39.0;33.0;11.0;21.21;33.33;21.0;-1;-1.0;-1.0;-1.0;-1.0;-1.0;-1.0;-1.0;-1.0;-1.0;-1.0;-1.0;-1.0;-1.0;-1.0;-1.0;-1.0;-1.0;-1.0;-1.0
251187;ivan;provedel;{'uuid': 'f10c49fc-d0ce-4a7b-ba2d-f136e95e0fe0', 'name': 'lazio'};Goalkeeper;False;False;['G'];P;Ivan Provedel;Italy;1994-03-17;right;2814;lazio;29.0;29.0;2829.0;6.06;4.78;-1.0;P;0.0;0.0;0.0;0.0;0.0;0.0;0.06;0.0;0.0;0.0;0.0;0.0;0.0;5.0;42.0;42.0;26.72;-1;39.0;38.0;29.0;76.32;76.32;76.0;-1;-1.0;-1.0;-1.0;-1.0;-1.0;-1.0;-1.0;-1.0;-1.0;-1.0;-1.0;-1.0;-1.0;-1.0;-1.0;-1.0;-1.0;-1.0;-1.0
251188;Caleb;ekuban;{'uuid': '8f9c4fc6-a3f1-4750-979a-7b10da38e12f', 'name': 'genoa'};Forward;True;False;['F'];A;Caleb Ekuban;Italy;1994-03-23;right;5506;genoa;18.0;3.0;641.0;5.74;5.93;33.6;A;1.0;1.0;0.14;1.0;3.03;0.43;0.7;0.1;0.0;1.0;0.0;0.0;0.0;0.0;0.0;0.0;0.0;-1;39.0;18.0;18.0;16.67;100.0;19.0;-1;-1.0;-1.0;-1.0;-1.0;-1.0;-1.0;-1.0;-1.0;-1.0;-1.0;-1.0;-1.0;-1.0;-1.0;-1.0;-1.0;-1.0;-1.0;-1.0
256478;danilo;cataldi;{'uuid': 'f10c49fc-d0ce-4a7b-ba2d-f136e95e0fe0', 'name': 'lazio'};Midfielder;False;False;['DM', 'M'];C;Danilo Cataldi;Italy;1994-08-06;right;333;lazio;25.0;23.0;1843.0;6.02;6.36;68.96;C;0.0;3.0;0.15;2.0;0.69;0.03;0.94;0.05;0.0;1.0;0.0;0.0;0.0;0.0;0.0;0.0;0.0;-1;39.0;28.0;25.0;82.14;89.29;52.0;-1;-1.0;-1.0;81.39;55.75;73.67;78.36;-1.0;-1.0;-1.0;81.0;52.48;-1.0;-1.0;-1.0;75.58;-1.0;77.99;-1.0;75.67
256613;Jari;vandeputte;{'uuid': '15cfc725-f2e8-4d2a-8fd7-17c9e164430d', 'name': 'cremonese'};Mezzala;False;False;['W', 'OM'];C;Jari Vandeputte;Belgium;1996-02-14;right;7133;cremonese;38.0;30.0;2391.0;6.18;6.86;64.0;C;14.0;5.0;0.19;5.0;4.74;0.18;8.68;0.33;0.0;5.0;0.0;0.0;0.0;0.0;0.0;0.0;0.0;-1;39.0;42.0;37.0;71.43;88.1;69.0;-1;66.5;-1.0;49.88;57.42;41.04;50.08;73.87;72.37;42.99;52.64;54.8;-1.0;50.46;45.07;40.45;-1.0;53.35;49.82;54.5
256634;Yerry;mina;{'uuid': '1c949031-2bcb-434e-a9ea-8fec3fa80c23', 'name': 'cagliari'};Defender;False;False;['CB'];D;Yerry Fernando Mina Gonzalez;Colombia;1994-09-23;right;4210;cagliari;31.0;31.0;2756.0;5.92;5.9;70.92;D;0.0;1.0;0.03;2.0;1.95;0.06;0.03;0.0;1.0;5.0;0.0;0.0;0.0;0.0;0.0;0.0;0.0;-1;39.0;32.0;31.0;96.88;96.88;76.0;-1;55.32;63.05;62.12;60.1;85.05;66.71;-1.0;-1.0;-1.0;71.86;53.16;66.76;-1.0;-1.0;80.47;56.39;72.78;-1.0;69.84
257027;Emil;audero;{'uuid': '15cfc725-f2e8-4d2a-8fd7-17c9e164430d', 'name': 'cremonese'};Goalkeeper;False;False;['G'];P;Emil Audero Mulyadi;Indonesia;1997-01-18;right;761;cremonese;23.0;23.0;2246.0;6.05;4.48;-1.0;P;0.0;0.0;0.0;0.0;0.0;0.0;0.0;0.0;0.0;0.0;0.0;0.0;0.0;3.0;39.0;39.0;26.74;-1;39.0;37.0;23.0;62.16;62.16;61.0;-1;-1.0;-1.0;-1.0;-1.0;-1.0;-1.0;-1.0;-1.0;-1.0;-1.0;-1.0;-1.0;-1.0;-1.0;-1.0;-1.0;-1.0;-1.0;-1.0
263591;Alessandro;deiola;{'uuid': '1c949031-2bcb-434e-a9ea-8fec3fa80c23', 'name': 'cagliari'};Mezzala;False;False;['DM', 'M'];C;Alessandro Deiola;Italy;1995-08-01;right;1871;cagliari;29.0;16.0;1575.0;5.77;5.91;23.4;C;1.0;2.0;0.11;2.0;1.37;0.08;0.41;0.02;0.0;6.0;0.0;0.0;0.0;0.0;0.0;0.0;0.0;-1;39.0;37.0;26.0;43.24;70.27;45.0;-1;-1.0;62.14;56.22;59.77;50.16;57.84;-1.0;49.76;-1.0;57.53;56.57;59.6;-1.0;-1.0;49.95;-1.0;56.5;-1.0;70.65
264084;pierluigi;gollini;{'uuid': '1e324d46-77cf-49f1-8dd2-9a0e343741c2', 'name': 'roma'};Goalkeeper;False;False;['G'];P;Pierluigi Gollini;Italy;1995-03-18;right;610;roma;7.0;7.0;705.0;6.17;4.53;-1.0;P;0.0;0.0;0.0;0.0;0.0;0.0;0.0;0.0;0.0;1.0;0.0;0.0;1.0;1.0;15.0;15.0;10.87;-1;39.0;31.0;7.0;22.58;22.58;18.0;-1;-1.0;-1.0;-1.0;-1.0;-1.0;-1.0;-1.0;-1.0;-1.0;-1.0;-1.0;-1.0;-1.0;-1.0;-1.0;-1.0;-1.0;-1.0;-1.0
265832;Boris;Radunovic;{'uuid': '1c949031-2bcb-434e-a9ea-8fec3fa80c23', 'name': 'cagliari'};Goalkeeper;False;False;['G'];P;Boris Radunovic;Serbia;1996-05-26;right;3;cagliari;37.0;37.0;3660.0;6.28;5.54;-1.0;P;0.0;0.0;0.0;0.0;0.0;0.0;0.0;0.0;0.0;5.0;0.0;0.0;0.0;12.0;37.0;37.0;44.58;-1;39.0;37.0;37.0;100.0;100.0;97.0;-1;-1.0;-1.0;-1.0;-1.0;-1.0;-1.0;-1.0;-1.0;-1.0;-1.0;-1.0;-1.0;-1.0;-1.0;-1.0;-1.0;-1.0;-1.0;-1.0
269152;giovanni pablo;simeone;{'uuid': '8cbf8ec8-2e07-4946-9d90-58b0da6a9c14', 'name': 'torino'};Forward;False;False;['CF'];A;Giovanni Pablo Simeone;Argentina;1995-07-05;right;2061;torino;30.0;1.0;574.0;5.82;5.94;5.01;A;1.0;1.0;0.16;1.0;2.01;0.32;0.71;0.11;0.0;1.0;0.0;0.0;0.0;0.0;0.0;0.0;0.0;-1;39.0;38.0;20.0;2.63;52.63;17.0;-1;-1.0;-1.0;-1.0;-1.0;-1.0;-1.0;-1.0;-1.0;-1.0;-1.0;-1.0;-1.0;-1.0;-1.0;-1.0;-1.0;-1.0;-1.0;-1.0
272870;sebastiano;luperto;{'uuid': '1c949031-2bcb-434e-a9ea-8fec3fa80c23', 'name': 'cagliari'};Defender;False;False;['CB'];D;Sebastiano Luperto;Italy;1996-09-06;left;393;cagliari;36.0;36.0;3499.0;5.88;5.94;62.38;D;1.0;1.0;0.03;2.0;2.38;0.06;0.97;0.02;0.0;4.0;0.0;0.0;0.0;0.0;0.0;0.0;0.0;-1;39.0;38.0;36.0;94.74;94.74;95.0;-1;55.19;57.42;56.23;56.86;75.37;70.49;-1.0;56.82;-1.0;68.15;-1.0;-1.0;-1.0;-1.0;73.26;70.44;63.52;-1.0;53.59
273029;Stefano;Moreo;{'uuid': 'c1a7a918-44f8-4da9-86b6-f8b95e8e261d', 'name': 'pisa'};Attacking-Midfielder;False;False;['F'];A;Stefano Moreo;Italy;1993-06-30;right;5455;pisa;35.0;31.0;2865.0;6.22;6.93;22.43;A;5.0;7.0;0.22;9.0;8.3;0.26;4.14;0.13;0.0;2.0;0.0;0.0;0.0;0.0;0.0;0.0;0.0;-1;39.0;35.0;35.0;88.57;100.0;81.0;-1;49.52;41.21;39.09;63.99;-1.0;38.99;42.55;48.01;48.3;40.0;50.05;73.49;48.95;-1.0;-1.0;-1.0;45.83;41.58;65.74
278873;Tasende;angelino;{'uuid': '1e324d46-77cf-49f1-8dd2-9a0e343741c2', 'name': 'roma'};Wide-Midfielder;False;False;['E'];D;Jose Angel Esmoris Tasende;Spain;1997-01-04;left;4772;roma;38.0;36.0;3415.0;6.05;6.22;80.79;D;1.0;2.0;0.05;2.0;1.12;0.03;3.47;0.09;0.0;1.0;0.0;0.0;0.0;0.0;0.0;0.0;0.0;-1;39.0;38.0;38.0;94.74;100.0;93.0;-1;62.96;-1.0;72.87;61.5;60.72;71.77;73.19;70.53;-1.0;74.63;57.28;-1.0;-1.0;-1.0;64.76;-1.0;67.2;-1.0;57.12
279533;Mario;Hermoso Canseco;{'uuid': '1e324d46-77cf-49f1-8dd2-9a0e343741c2', 'name': 'roma'};Defender;False;False;['CB'];D;Mario Hermoso Canseco;Spain;1995-06-18;left;4807;roma;12.0;5.0;619.0;5.71;5.58;46.04;D;0.0;0.0;0.0;0.0;0.54;0.08;0.08;0.01;1.0;1.0;0.0;0.0;0.0;0.0;0.0;0.0;0.0;-1;39.0;18.0;9.0;27.78;50.0;17.0;-1;-1.0;-1.0;-1.0;-1.0;-1.0;-1.0;-1.0;-1.0;-1.0;-1.0;-1.0;-1.0;-1.0;-1.0;-1.0;-1.0;-1.0;-1.0;-1.0
279982;nikita;contini;{'uuid': '28ba208b-80fd-4a40-8014-bc82d2976fc3', 'name': 'napoli'};;False;False;['G'];P;Nikita Contini-Baranovskyi;;1996-05-21;;2845;napoli;-1.0;-1.0;-1.0;-1.0;-1.0;-1.0;P;-1.0;-1.0;-1.0;-2.0;-1.0;-1.0;-1.0;-1.0;-1.0;-1.0;-1.0;-1.0;-1.0;-1.0;-1.0;-1.0;-1.0;-1;39.0;-1.0;-1.0;-1.0;-1.0;-1.0;-1;-1.0;-1.0;-1.0;-1.0;-1.0;-1.0;-1.0;-1.0;-1.0;-1.0;-1.0;-1.0;-1.0;-1.0;-1.0;-1.0;-1.0;-1.0;-1.0
281887;Grigoris;kastanos;{'uuid': 'e9e1d0da-2ab8-449c-8738-84666289eb1b', 'name': 'verona'};Attacking-Midfielder;False;False;['M', 'OM'];C;Grigoris Kastanos;Cyprus;1998-01-30;left;2117;verona;27.0;8.0;977.0;5.71;5.78;39.16;C;1.0;1.0;0.09;1.0;0.78;0.07;0.43;0.04;0.0;4.0;0.0;0.0;0.0;0.0;0.0;0.0;0.0;-1;39.0;38.0;26.0;21.05;68.42;29.0;-1;-1.0;-1.0;-1.0;-1.0;-1.0;-1.0;-1.0;-1.0;-1.0;-1.0;-1.0;-1.0;-1.0;-1.0;-1.0;-1.0;-1.0;-1.0;-1.0
282438;AAron;martin;{'uuid': '8f9c4fc6-a3f1-4750-979a-7b10da38e12f', 'name': 'genoa'};Wing-Back;False;False;['LB', 'E'];D;Aaron Martin Caricol;Spain;1997-04-22;left;2593;genoa;36.0;35.0;3340.0;5.89;6.07;69.21;D;9.0;0.0;0.0;0.0;0.46;0.01;5.42;0.15;0.0;5.0;0.0;0.0;0.0;0.0;0.0;0.0;0.0;-1;39.0;37.0;36.0;94.59;97.3;91.0;-1;63.69;54.45;-1.0;56.77;61.24;56.21;79.52;53.94;-1.0;63.6;55.92;-1.0;-1.0;-1.0;64.0;-1.0;58.22;-1.0;56.49
282799;Stefan;posch;{'uuid': '7bbe67b4-c9f4-48a3-be6f-23aa61167ff2', 'name': 'bologna'};Wing-Back;False;False;['RB', 'CB'];D;Stefan Posch;Austria;1997-05-14;right;6066;bologna;19.0;11.0;1221.0;5.98;5.95;65.61;D;0.0;0.0;0.0;0.0;0.78;0.06;0.54;0.04;0.0;1.0;0.0;0.0;0.0;0.0;0.0;0.0;0.0;-1;39.0;25.0;14.0;44.0;56.0;33.0;-1;56.63;-1.0;69.09;59.39;73.05;75.8;75.02;57.24;-1.0;75.03;53.99;-1.0;-1.0;-1.0;79.66;66.94;74.01;-1.0;69.2
283062;vanja;milinkovic-savic v.;{'uuid': '28ba208b-80fd-4a40-8014-bc82d2976fc3', 'name': 'napoli'};Goalkeeper;False;False;['G'];P;Vanja Milinkovic-Savic;Spain;1997-02-20;right;2170;napoli;37.0;37.0;3606.0;6.33;5.75;-1.0;P;0.0;0.0;0.0;0.0;0.0;0.0;0.0;0.0;0.0;3.0;0.0;0.0;4.0;10.0;42.0;42.0;46.38;-1;39.0;37.0;37.0;100.0;100.0;97.0;-1;-1.0;-1.0;-1.0;-1.0;-1.0;-1.0;-1.0;-1.0;-1.0;-1.0;-1.0;-1.0;-1.0;-1.0;-1.0;-1.0;-1.0;-1.0;-1.0
283832;Filippo;Romagna;{'uuid': '1cdca4b8-4eea-4a38-a776-63f5887d5762', 'name': 'sassuolo'};Defender;False;False;['CB'];D;Filippo Romagna;Italy;1997-05-26;right;2279;sassuolo;23.0;21.0;2014.0;6.16;6.09;50.39;D;0.0;0.0;0.0;0.0;1.18;0.05;0.23;0.01;0.0;3.0;0.0;0.0;0.0;0.0;0.0;0.0;0.0;-1;39.0;29.0;22.0;72.41;75.86;55.0;-1;-1.0;-1.0;45.71;40.36;70.56;59.18;-1.0;-1.0;-1.0;60.76;-1.0;-1.0;-1.0;-1.0;60.39;59.89;54.84;-1.0;46.21
284476;Nikola;vlasic;{'uuid': '8cbf8ec8-2e07-4946-9d90-58b0da6a9c14', 'name': 'torino'};Attacking-Midfielder;False;False;['OM'];C;Nikola Vlasic;Croatia;1997-10-04;right;5687;torino;30.0;23.0;2262.0;6.0;6.6;80.27;C;3.0;5.0;0.2;3.0;3.05;0.12;2.07;0.08;0.0;0.0;2.0;2.0;0.0;0.0;0.0;0.0;0.0;-1;39.0;31.0;30.0;74.19;96.77;64.0;-1;65.08;-1.0;62.72;70.07;57.22;59.43;-1.0;66.83;63.91;66.78;61.15;-1.0;63.05;52.96;58.61;-1.0;72.67;64.41;79.11
286215;alex;meret;{'uuid': '28ba208b-80fd-4a40-8014-bc82d2976fc3', 'name': 'napoli'};Goalkeeper;False;False;['G'];P;Alex Meret;Italy;1997-03-22;left;572;napoli;34.0;34.0;3267.0;6.15;6.0;-1.0;P;0.0;0.0;0.0;0.0;0.0;0.0;0.0;0.0;0.0;0.0;0.0;0.0;2.0;16.0;25.0;25.0;21.61;-1;39.0;35.0;34.0;97.14;97.14;88.0;-1;-1.0;-1.0;-1.0;-1.0;-1.0;-1.0;-1.0;-1.0;-1.0;-1.0;-1.0;-1.0;-1.0;-1.0;-1.0;-1.0;-1.0;-1.0;-1.0
286223;nicolo;barella;{'uuid': 'fb3aee60-b9c5-4842-b8c0-f338743a5532', 'name': 'inter'};Mezzala;False;False;['M'];C;Nicolo Barella;Italy;1997-02-07;right;1870;inter;33.0;29.0;2680.0;6.21;6.6;81.93;C;6.0;3.0;0.1;3.0;2.6;0.09;4.25;0.14;0.0;4.0;0.0;0.0;0.0;0.0;0.0;0.0;0.0;-1;39.0;35.0;33.0;82.86;94.29;74.0;-1;-1.0;52.5;90.36;60.28;68.56;83.58;66.26;84.47;49.75;89.9;55.05;-1.0;62.79;-1.0;73.21;-1.0;91.21;-1.0;95.68
286226;manuel;locatelli;{'uuid': '8f4e639c-b52a-4ea8-9f2c-80c5172add56', 'name': 'juventus'};Midfielder;False;False;['DM', 'M'];C;Manuel Locatelli;Italy;1998-01-08;right;827;juventus;36.0;34.0;2994.0;6.22;6.32;68.92;C;2.0;2.0;0.06;1.0;0.98;0.03;1.53;0.05;0.0;9.0;1.0;1.0;0.0;0.0;0.0;0.0;0.0;-1;39.0;37.0;35.0;91.89;94.59;84.0;-1;54.59;-1.0;94.9;57.17;90.61;92.79;-1.0;59.66;-1.0;94.33;52.46;-1.0;-1.0;-1.0;92.29;-1.0;92.26;-1.0;91.74
289225;mehmet zeki;celik;{'uuid': '1e324d46-77cf-49f1-8dd2-9a0e343741c2', 'name': 'roma'};Defender;False;True;['LA', 'RB', 'E'];D;Mehmet Zeki Celik;Turkey;1997-02-17;right;4657;roma;31.0;27.0;2410.0;5.87;5.85;44.95;D;2.0;0.0;0.0;0.0;1.33;0.05;1.53;0.06;0.0;5.0;0.0;0.0;0.0;0.0;0.0;0.0;0.0;-1;39.0;34.0;31.0;79.41;91.18;67.0;-1;60.49;-1.0;63.99;60.22;75.42;72.93;59.31;56.92;-1.0;77.19;55.44;-1.0;-1.0;-1.0;84.25;-1.0;70.6;-1.0;57.47
291591;fikayo;tomori;{'uuid': '2e4b19a8-e58e-4782-905f-bf0219218572', 'name': 'milan'};Defender;False;False;['CB'];D;Fikayo Tomori;Canada;1997-12-19;right;4751;milan;22.0;19.0;1729.0;5.95;5.88;75.05;D;1.0;0.0;0.0;0.0;0.0;0.0;0.45;0.02;1.0;3.0;0.0;0.0;0.0;0.0;0.0;0.0;0.0;-1;39.0;37.0;18.0;51.35;48.65;47.0;-1;-1.0;-1.0;-1.0;56.36;91.73;77.94;-1.0;52.23;-1.0;84.72;-1.0;-1.0;-1.0;-1.0;92.27;56.66;78.44;-1.0;56.71
292310;Luca;mazzitelli;{'uuid': '1c949031-2bcb-434e-a9ea-8fec3fa80c23', 'name': 'cagliari'};Midfielder;False;False;['DM', 'M'];C;Luca Mazzitelli;Italy;1995-11-15;right;1976;cagliari;18.0;7.0;687.0;5.97;6.14;76.28;C;1.0;1.0;0.13;1.0;0.35;0.05;1.17;0.15;0.0;2.0;0.0;0.0;0.0;0.0;0.0;0.0;0.0;-1;39.0;23.0;15.0;30.43;65.22;20.0;-1;-1.0;-1.0;-1.0;-1.0;-1.0;-1.0;-1.0;-1.0;-1.0;-1.0;-1.0;-1.0;-1.0;-1.0;-1.0;-1.0;-1.0;-1.0;-1.0
295176;Robin;gosens;{'uuid': '573f5fa3-5623-417c-9efc-f28b50bc7778', 'name': 'fiorentina'};Wing-Back;False;False;['E'];D;Robin Gosens;Germany;1994-07-05;left;2160;fiorentina;33.0;30.0;2813.0;6.08;6.52;96.43;D;3.0;5.0;0.16;7.0;2.1;0.07;2.13;0.07;0.0;7.0;0.0;0.0;0.0;0.0;0.0;0.0;0.0;-1;39.0;33.0;33.0;90.91;100.0;78.0;-1;61.43;-1.0;60.92;63.35;59.64;66.26;69.11;61.8;-1.0;65.66;60.24;79.81;-1.0;-1.0;70.26;-1.0;59.76;-1.0;55.86
295890;pasquale;mazzocchi;{'uuid': '28ba208b-80fd-4a40-8014-bc82d2976fc3', 'name': 'napoli'};Wide-Midfielder;False;False;['RB', 'LB', 'E'];D;Pasquale Mazzocchi;Italy;1995-07-27;right;5481;napoli;20.0;7.0;815.0;5.97;5.92;48.85;D;0.0;0.0;0.0;0.0;0.62;0.07;0.63;0.07;0.0;2.0;0.0;0.0;0.0;0.0;0.0;0.0;0.0;-1;39.0;32.0;12.0;21.88;37.5;23.0;-1;-1.0;-1.0;-1.0;-1.0;-1.0;-1.0;-1.0;-1.0;-1.0;-1.0;-1.0;-1.0;-1.0;-1.0;-1.0;-1.0;-1.0;-1.0;-1.0
299172;N'Bala;nzola;{'uuid': 'c1a7a918-44f8-4da9-86b6-f8b95e8e261d', 'name': 'pisa'};Forward;False;False;['CF'];A;M'Bala Nzola;Angola;1996-08-18;left;5336;pisa;21.0;16.0;1591.0;5.92;6.66;49.43;A;0.0;6.0;0.34;6.0;7.39;0.42;0.97;0.05;1.0;3.0;0.0;0.0;0.0;0.0;0.0;0.0;0.0;-1;39.0;22.0;21.0;72.73;95.45;44.0;-1;-1.0;50.69;-1.0;91.49;-1.0;48.48;-1.0;54.76;73.52;53.73;87.97;62.41;65.42;-1.0;-1.0;-1.0;54.8;-1.0;72.93
301017;Marcus;thuram;{'uuid': 'fb3aee60-b9c5-4842-b8c0-f338743a5532', 'name': 'inter'};Forward;False;False;['CF'];A;Marcus Thuram-Ulien;France;1997-08-06;right;4871;inter;32.0;27.0;2459.0;6.26;7.68;90.92;A;4.0;14.0;0.51;17.0;10.82;0.4;4.64;0.17;0.0;1.0;0.0;0.0;0.0;0.0;0.0;0.0;0.0;-1;39.0;35.0;32.0;77.14;91.43;69.0;-1;71.17;-1.0;52.46;88.81;-1.0;50.94;-1.0;66.46;74.07;58.13;87.02;75.38;84.93;-1.0;-1.0;-1.0;59.0;65.47;74.56
302600;Suat;serdar;{'uuid': 'e9e1d0da-2ab8-449c-8738-84666289eb1b', 'name': 'verona'};Midfielder;False;False;['M'];C;Suat Serdar;Germany;1997-04-11;right;6458;verona;22.0;16.0;1460.0;5.88;6.08;44.49;C;1.0;2.0;0.12;2.0;2.24;0.14;0.52;0.03;1.0;3.0;0.0;0.0;0.0;0.0;0.0;0.0;0.0;-1;39.0;22.0;21.0;72.73;95.45;42.0;-1;-1.0;-1.0;75.15;63.24;51.51;61.08;-1.0;62.13;56.51;61.31;58.35;56.76;61.51;-1.0;50.76;-1.0;65.56;53.62;69.76
302799;rolando;mandragora;{'uuid': '573f5fa3-5623-417c-9efc-f28b50bc7778', 'name': 'fiorentina'};Midfielder;True;False;['DM', 'M'];C;Rolando Mandragora;Italy;1997-06-29;left;1933;fiorentina;30.0;23.0;2126.0;6.14;6.54;84.34;C;4.0;4.0;0.17;3.0;1.89;0.08;2.75;0.12;0.0;8.0;1.0;1.0;0.0;0.0;0.0;0.0;0.0;-1;39.0;35.0;29.0;65.71;82.86;60.0;-1;-1.0;-1.0;70.85;59.12;61.67;66.28;-1.0;78.59;63.71;68.94;55.7;-1.0;67.43;-1.0;56.76;-1.0;62.68;-1.0;62.08
328333;lorenzo;pellegrini lo.;{'uuid': '1e324d46-77cf-49f1-8dd2-9a0e343741c2', 'name': 'roma'};Mezzala;True;False;['M', 'OM'];C;Lorenzo Pellegrini;Italy;1996-06-19;right;530;roma;25.0;20.0;1725.0;5.86;6.06;76.82;C;1.0;2.0;0.1;1.0;3.65;0.19;2.22;0.12;0.0;4.0;1.0;1.0;0.0;0.0;0.0;0.0;0.0;-1;39.0;35.0;25.0;57.14;71.43;49.0;-1;61.91;-1.0;62.83;75.37;55.24;58.16;-1.0;54.48;62.67;64.27;73.07;62.68;51.96;-1.0;52.43;-1.0;60.82;-1.0;71.68
330003;denzel justus morris;dumfries;{'uuid': 'fb3aee60-b9c5-4842-b8c0-f338743a5532', 'name': 'inter'};Wide-Midfielder;False;False;['E'];D;Denzel Dumfries;Netherlands;1996-04-18;right;5513;inter;29.0;20.0;2120.0;6.23;6.95;100.0;D;2.0;7.0;0.3;10.0;5.63;0.24;3.12;0.13;0.0;4.0;0.0;0.0;0.0;0.0;0.0;0.0;0.0;-1;39.0;33.0;29.0;60.61;87.88;59.0;-1;70.24;-1.0;-1.0;75.46;48.82;55.02;73.72;58.62;73.45;58.23;70.31;87.11;78.2;-1.0;-1.0;-1.0;55.19;57.73;53.76
331420;Mihai;Popa;{'uuid': '8cbf8ec8-2e07-4946-9d90-58b0da6a9c14', 'name': 'torino'};Goalkeeper;False;False;['G'];P;Mihai Popa;Romania;2000-10-12;right;6210;torino;11.0;11.0;1067.0;6.12;5.53;-1.0;P;0.0;0.0;0.0;0.0;0.0;0.0;0.0;0.0;0.0;1.0;0.0;0.0;1.0;4.0;13.0;13.0;8.75;-1;39.0;23.0;11.0;47.83;47.83;29.0;-1;-1.0;-1.0;-1.0;-1.0;-1.0;-1.0;-1.0;-1.0;-1.0;-1.0;-1.0;-1.0;-1.0;-1.0;-1.0;-1.0;-1.0;-1.0;-1.0
333212;sandi;lovric;{'uuid': '10699c39-fa51-4968-8ee6-209df2113a8c', 'name': 'udinese'};Mezzala;False;False;['M'];C;Sandi Lovric;Austria;1998-03-28;right;5850;udinese;36.0;31.0;2446.0;5.93;6.06;55.41;C;1.0;2.0;0.07;2.0;2.67;0.1;3.64;0.13;0.0;5.0;0.0;0.0;0.0;0.0;0.0;0.0;0.0;-1;39.0;36.0;35.0;86.11;97.22;70.0;-1;56.86;-1.0;64.53;62.19;57.28;62.37;55.15;59.68;54.24;63.8;56.43;-1.0;58.23;-1.0;57.87;-1.0;65.86;59.39;71.89
336439;mergim;vojvoda;{'uuid': '3d3e3a11-950e-4170-a228-5bd0943e5716', 'name': 'como'};Wing-Back;False;False;['RB', 'E'];D;Mergim Vojvoda;Albania;1995-02-01;right;4994;como;28.0;20.0;1973.0;5.87;5.91;58.45;D;1.0;1.0;0.05;1.0;0.79;0.04;2.71;0.12;0.0;6.0;0.0;0.0;0.0;0.0;0.0;0.0;0.0;-1;39.0;30.0;27.0;66.67;90.0;55.0;-1;57.72;-1.0;78.45;59.58;71.37;77.96;77.52;58.39;-1.0;82.16;55.99;-1.0;-1.0;-1.0;79.26;-1.0;79.63;-1.0;59.09
336517;artem;dovbyk;{'uuid': '1e324d46-77cf-49f1-8dd2-9a0e343741c2', 'name': 'roma'};Forward;False;False;['CF'];A;Artem Dovbyk;Ukraine;1997-06-21;left;6675;roma;32.0;27.0;2553.0;6.0;7.22;91.52;A;3.0;12.0;0.42;11.0;11.26;0.4;1.51;0.05;0.0;0.0;2.0;2.0;0.0;0.0;0.0;0.0;0.0;-1;39.0;35.0;32.0;77.14;91.43;73.0;-1;-1.0;53.27;-1.0;93.48;-1.0;50.98;-1.0;57.37;77.55;-1.0;87.82;58.39;71.06;-1.0;-1.0;-1.0;50.46;-1.0;59.17
337324;Nahuel;estevez;{'uuid': '05e5b3ab-8801-47e6-9eef-f6edc799628c', 'name': 'parma'};Midfielder;False;False;['DM', 'M'];C;Nahuel Estevez Alvarez;Argentina;1995-11-14;right;5290;parma;14.0;7.0;705.0;5.87;5.8;28.21;C;0.0;0.0;0.0;0.0;0.15;0.02;0.34;0.04;0.0;2.0;0.0;0.0;0.0;0.0;0.0;0.0;0.0;-1;39.0;25.0;12.0;28.0;48.0;20.0;-1;-1.0;-1.0;-1.0;-1.0;-1.0;-1.0;-1.0;-1.0;-1.0;-1.0;-1.0;-1.0;-1.0;-1.0;-1.0;-1.0;-1.0;-1.0;-1.0
337392;Toma;basic;{'uuid': 'f10c49fc-d0ce-4a7b-ba2d-f136e95e0fe0', 'name': 'lazio'};;False;False;['M'];C;Toma Basic;;1996-11-25;;5674;lazio;-1.0;-1.0;-1.0;-1.0;-1.0;15.66;C;-1.0;-1.0;-1.0;-2.0;-1.0;-1.0;-1.0;-1.0;-1.0;-1.0;-1.0;-1.0;-1.0;-1.0;-1.0;-1.0;-1.0;-1;39.0;-1.0;-1.0;-1.0;-1.0;-1.0;-1;-1.0;-1.0;-1.0;-1.0;-1.0;-1.0;-1.0;-1.0;-1.0;-1.0;-1.0;-1.0;-1.0;-1.0;-1.0;-1.0;-1.0;-1.0;-1.0
339237;Alessandro;gabrielloni;{'uuid': '3d3e3a11-950e-4170-a228-5bd0943e5716', 'name': 'como'};Forward;False;False;['CF'];A;Alessandro Gabrielloni;Italy;1994-07-10;right;6657;como;14.0;0.0;220.0;5.81;6.04;22.49;A;1.0;1.0;0.41;1.0;0.87;0.35;0.41;0.17;0.0;1.0;0.0;0.0;0.0;0.0;0.0;0.0;0.0;-1;39.0;29.0;6.0;0.0;20.69;6.0;-1;-1.0;-1.0;-1.0;-1.0;-1.0;-1.0;-1.0;-1.0;-1.0;-1.0;-1.0;-1.0;-1.0;-1.0;-1.0;-1.0;-1.0;-1.0;-1.0
340646;Benjamin;pavard;{'uuid': 'fb3aee60-b9c5-4842-b8c0-f338743a5532', 'name': 'inter'};Defender;False;False;['RB', 'CB'];D;Benjamin Pavard;France;1996-03-28;right;4177;inter;23.0;18.0;1718.0;6.04;6.0;73.9;D;1.0;0.0;0.0;0.0;0.8;0.04;0.52;0.03;0.0;4.0;0.0;0.0;0.0;0.0;0.0;0.0;0.0;-1;39.0;31.0;22.0;58.06;70.97;47.0;-1;55.82;56.38;77.56;59.23;87.46;88.62;-1.0;56.84;-1.0;90.09;55.45;56.27;-1.0;-1.0;86.64;60.97;88.54;-1.0;71.0
340733;Daniele;sommariva;{'uuid': '8f9c4fc6-a3f1-4750-979a-7b10da38e12f', 'name': 'genoa'};Goalkeeper;False;False;['G'];P;Daniele Sommariva;Italy;1997-07-18;right;219;genoa;1.0;0.0;32.0;6.45;5.45;-1.0;P;0.0;0.0;0.0;0.0;0.0;0.0;0.0;0.0;0.0;0.0;0.0;0.0;0.0;0.0;1.0;1.0;1.01;-1;39.0;38.0;1.0;0.0;2.63;1.0;-1;-1.0;-1.0;-1.0;-1.0;-1.0;-1.0;-1.0;-1.0;-1.0;-1.0;-1.0;-1.0;-1.0;-1.0;-1.0;-1.0;-1.0;-1.0;-1.0
343666;mile;svilar;{'uuid': '1e324d46-77cf-49f1-8dd2-9a0e343741c2', 'name': 'roma'};Goalkeeper;False;False;['G'];P;Mile Svilar;Belgium;1999-08-27;right;5841;roma;38.0;38.0;3677.0;6.27;5.76;-1.0;P;0.0;0.0;0.0;0.0;0.02;0.0;0.0;0.0;0.0;1.0;0.0;0.0;0.0;16.0;35.0;35.0;39.15;-1;39.0;38.0;38.0;100.0;100.0;100.0;-1;-1.0;-1.0;-1.0;-1.0;-1.0;-1.0;-1.0;-1.0;-1.0;-1.0;-1.0;-1.0;-1.0;-1.0;-1.0;-1.0;-1.0;-1.0;-1.0
344068;unai nunez;Gestoso;{'uuid': 'e9e1d0da-2ab8-449c-8738-84666289eb1b', 'name': 'verona'};Defender;False;False;['CB'];D;Unai Nunez Gestoso;Spain;1997-01-30;right;6894;verona;10.0;7.0;702.0;5.97;5.77;52.3;D;0.0;0.0;0.0;0.0;0.22;0.03;0.47;0.06;0.0;4.0;0.0;0.0;0.0;0.0;0.0;0.0;0.0;-1;39.0;33.0;9.0;21.21;27.27;19.0;-1;-1.0;-1.0;-1.0;-1.0;-1.0;-1.0;-1.0;-1.0;-1.0;-1.0;-1.0;-1.0;-1.0;-1.0;-1.0;-1.0;-1.0;-1.0;-1.0
344153;Jose Antonio;tete morente;{'uuid': '8fa5643a-841a-44a2-8126-637759f8911e', 'name': 'lecce'};Wing-Forward;False;False;['W'];C;Jose Antonio Morente Oliva;Spain;1996-12-04;right;6634;lecce;31.0;23.0;2166.0;5.81;6.05;59.93;C;1.0;3.0;0.12;3.0;2.74;0.11;0.63;0.03;0.0;5.0;0.0;0.0;0.0;0.0;0.0;0.0;0.0;-1;39.0;36.0;31.0;63.89;86.11;62.0;-1;68.18;-1.0;65.04;64.26;50.75;57.35;63.8;-1.0;59.57;62.07;64.33;69.35;63.35;-1.0;53.98;-1.0;64.47;71.9;62.87
344207;Charles;pickel;{'uuid': '15cfc725-f2e8-4d2a-8fd7-17c9e164430d', 'name': 'cremonese'};Mezzala;False;False;['DM', 'M'];C;Charles Pickel;Switzerland;1997-05-15;right;5857;cremonese;33.0;21.0;2135.0;5.94;5.97;7.47;C;0.0;2.0;0.08;3.0;3.2;0.13;0.45;0.02;2.0;6.0;0.0;0.0;0.0;0.0;0.0;0.0;0.0;-1;39.0;37.0;32.0;56.76;86.49;59.0;-1;39.36;-1.0;45.55;52.06;47.3;47.61;-1.0;39.46;48.61;49.53;40.79;44.51;43.03;-1.0;48.11;-1.0;46.8;-1.0;52.79
345994;Kingsley;ehizibue;{'uuid': '10699c39-fa51-4968-8ee6-209df2113a8c', 'name': 'udinese'};Wide-Midfielder;False;False;['RB', 'E'];D;Kingsley Ehizibue;Nigeria;1995-05-25;right;6047;udinese;33.0;30.0;2673.0;5.81;5.73;25.48;D;0.0;0.0;0.0;0.0;0.82;0.03;1.07;0.04;0.0;5.0;0.0;0.0;0.0;0.0;0.0;0.0;0.0;-1;39.0;34.0;33.0;88.24;97.06;74.0;-1;69.37;-1.0;-1.0;62.1;54.83;53.82;85.04;55.32;-1.0;55.32;64.12;-1.0;-1.0;-1.0;48.2;-1.0;52.31;62.67;54.29
346913;gianluca;mancini;{'uuid': '1e324d46-77cf-49f1-8dd2-9a0e343741c2', 'name': 'roma'};Defender;False;False;['CB'];D;Gianluca Mancini;Italy;1996-04-17;right;2296;roma;37.0;36.0;3379.0;6.05;6.13;83.01;D;1.0;2.0;0.05;4.0;2.49;0.07;0.98;0.03;0.0;8.0;0.0;0.0;0.0;0.0;0.0;0.0;0.0;-1;39.0;37.0;37.0;97.3;100.0;92.0;-1;64.6;-1.0;73.31;59.17;80.79;78.17;-1.0;55.96;-1.0;81.54;52.91;-1.0;-1.0;-1.0;82.7;69.32;76.48;-1.0;62.71
347024;Gianluca;scamacca;{'uuid': '313d7f52-5056-426e-9637-9aeae2c94d8d', 'name': 'atalanta'};Forward;False;False;['CF'];A;Gianluca Scamacca;Italy;1999-01-01;right;2137;atalanta;1.0;0.0;13.0;-1.0;-1.0;96.28;A;0.0;0.0;0.0;0.0;0.29;1.98;0.0;0.0;0.0;0.0;0.0;0.0;0.0;0.0;0.0;0.0;0.0;-1;39.0;1.0;0.0;0.0;0.0;0.0;-1;-1.0;-1.0;-1.0;-1.0;-1.0;-1.0;-1.0;-1.0;-1.0;-1.0;-1.0;-1.0;-1.0;-1.0;-1.0;-1.0;-1.0;-1.0;-1.0
351004;Alessandro;vogliacco;{'uuid': '8f9c4fc6-a3f1-4750-979a-7b10da38e12f', 'name': 'genoa'};Defender;False;False;['RB', 'CB'];D;Alessandro Vogliacco;Italy;1998-09-14;right;6245;genoa;22.0;18.0;1626.0;5.8;5.87;45.07;D;0.0;2.0;0.11;2.0;1.4;0.08;0.0;0.0;0.0;5.0;0.0;0.0;0.0;0.0;0.0;0.0;0.0;-1;39.0;32.0;21.0;56.25;65.62;45.0;-1;57.03;-1.0;-1.0;55.55;82.67;77.45;-1.0;-1.0;-1.0;78.24;-1.0;-1.0;-1.0;-1.0;79.98;77.9;71.06;-1.0;55.64
351010;Patrick;cutrone;{'uuid': '3d3e3a11-950e-4170-a228-5bd0943e5716', 'name': 'como'};Forward;False;False;['CF'];A;Patrick Cutrone;Italy;1998-01-03;right;2155;como;33.0;23.0;2175.0;5.92;6.57;52.16;A;4.0;7.0;0.29;8.0;8.17;0.34;2.66;0.11;0.0;1.0;0.0;1.0;0.0;0.0;0.0;0.0;0.0;-1;39.0;38.0;33.0;60.53;86.84;62.0;-1;56.3;-1.0;-1.0;89.28;-1.0;-1.0;57.57;57.49;75.87;53.02;88.22;52.1;66.82;-1.0;-1.0;-1.0;53.73;-1.0;69.18
352088;Adrian;Semper;{'uuid': 'c1a7a918-44f8-4da9-86b6-f8b95e8e261d', 'name': 'pisa'};Goalkeeper;False;False;['G'];P;Adrian Semper;Croatia;1998-01-12;right;2861;pisa;36.0;36.0;3523.0;6.25;5.62;-1.0;P;0.0;0.0;0.0;0.0;0.0;0.0;0.0;0.0;0.0;1.0;0.0;0.0;0.0;11.0;33.0;33.0;31.83;-1;39.0;36.0;36.0;100.0;100.0;95.0;-1;-1.0;-1.0;-1.0;-1.0;-1.0;-1.0;-1.0;-1.0;-1.0;-1.0;-1.0;-1.0;-1.0;-1.0;-1.0;-1.0;-1.0;-1.0;-1.0
352096;Nikola;moro n.;{'uuid': '7bbe67b4-c9f4-48a3-be6f-23aa61167ff2', 'name': 'bologna'};Midfielder;False;False;['DM', 'M'];C;Nikola Moro;Croatia;1998-03-12;right;6054;bologna;22.0;15.0;1297.0;5.92;5.9;35.69;C;0.0;0.0;0.0;0.0;0.28;0.02;0.99;0.07;0.0;1.0;0.0;0.0;0.0;0.0;0.0;0.0;0.0;-1;39.0;38.0;19.0;39.47;50.0;37.0;-1;-1.0;-1.0;77.26;55.94;65.79;76.14;-1.0;-1.0;-1.0;75.24;53.05;-1.0;-1.0;-1.0;60.33;-1.0;73.36;-1.0;72.38
355939;Che;adams c.;{'uuid': '8cbf8ec8-2e07-4946-9d90-58b0da6a9c14', 'name': 'torino'};Forward;False;False;['F'];A;Che Adams;England;1996-07-13;right;6646;torino;36.0;30.0;2859.0;5.8;6.51;47.48;A;3.0;9.0;0.28;9.0;9.78;0.31;1.31;0.04;0.0;3.0;0.0;1.0;0.0;0.0;0.0;0.0;0.0;-1;39.0;37.0;36.0;81.08;97.3;79.0;-1;55.91;-1.0;55.37;79.17;-1.0;50.14;-1.0;55.82;74.16;49.08;78.41;54.81;69.57;-1.0;-1.0;-1.0;50.91;-1.0;61.66
358476;federico;baschirotto;{'uuid': '15cfc725-f2e8-4d2a-8fd7-17c9e164430d', 'name': 'cremonese'};Defender;False;False;['CB'];D;Federico Baschirotto;Italy;1996-09-20;right;5835;cremonese;38.0;38.0;3707.0;5.87;5.99;54.57;D;0.0;2.0;0.05;4.0;2.11;0.05;0.31;0.01;0.0;3.0;0.0;0.0;0.0;0.0;0.0;0.0;0.0;-1;39.0;38.0;38.0;100.0;100.0;100.0;-1;56.28;-1.0;-1.0;57.09;79.48;63.55;-1.0;-1.0;-1.0;64.65;-1.0;68.2;-1.0;-1.0;74.74;74.51;58.25;-1.0;54.7
358801;Pervis;estupinan;{'uuid': '2e4b19a8-e58e-4782-905f-bf0219218572', 'name': 'milan'};Wing-Back;False;False;['LB', 'E'];D;Pervis Josue Estupinan Tenorio;Ecuador;1998-01-21;left;5273;milan;30.0;26.0;2694.0;5.91;5.93;65.5;D;0.0;1.0;0.03;0.0;1.4;0.05;1.87;0.06;0.0;5.0;0.0;0.0;0.0;0.0;0.0;0.0;0.0;-1;39.0;31.0;30.0;83.87;96.77;71.0;-1;71.97;-1.0;69.84;61.46;70.42;75.66;77.34;56.85;-1.0;78.15;64.45;-1.0;-1.0;-1.0;80.14;68.56;75.01;-1.0;62.57
365444;teun;koopmeiners;{'uuid': '8f4e639c-b52a-4ea8-9f2c-80c5172add56', 'name': 'juventus'};Attacking-Midfielder;False;False;['M', 'OM'];C;Teun Koopmeiners;Netherlands;1998-02-28;left;5685;juventus;28.0;23.0;2116.0;6.06;6.44;90.15;C;3.0;3.0;0.13;3.0;4.94;0.21;4.52;0.19;0.0;3.0;0.0;0.0;0.0;0.0;0.0;0.0;0.0;-1;39.0;29.0;28.0;79.31;96.55;59.0;-1;56.26;55.38;63.79;69.58;61.86;59.84;-1.0;62.5;54.74;69.04;61.38;-1.0;57.17;-1.0;66.34;-1.0;64.38;-1.0;86.51
366221;Idrissa;tourè i.;{'uuid': 'c1a7a918-44f8-4da9-86b6-f8b95e8e261d', 'name': 'pisa'};Wide-Midfielder;False;False;['E', 'DM'];C;Idrissa Toure;Germany;1998-04-29;right;7146;pisa;33.0;31.0;2601.0;6.21;6.71;56.9;C;3.0;6.0;0.21;8.0;5.34;0.18;1.91;0.07;1.0;7.0;0.0;0.0;0.0;0.0;0.0;0.0;0.0;-1;39.0;36.0;33.0;86.11;91.67;72.0;-1;54.94;-1.0;-1.0;57.82;-1.0;39.83;53.99;44.06;46.79;44.6;48.26;84.81;53.96;41.75;-1.0;-1.0;48.59;46.94;49.24
366401;andre-frank;zambo anguissa;{'uuid': '28ba208b-80fd-4a40-8014-bc82d2976fc3', 'name': 'napoli'};Mezzala;False;False;['DM', 'M'];C;Andre-Frank Zambo Anguissa;Cameroon;1995-11-16;right;4220;napoli;35.0;32.0;3087.0;6.24;6.8;83.43;C;4.0;6.0;0.17;9.0;5.28;0.15;2.77;0.08;0.0;5.0;0.0;0.0;0.0;0.0;0.0;0.0;0.0;-1;39.0;35.0;35.0;91.43;100.0;84.0;-1;57.4;-1.0;59.57;68.33;70.83;74.15;-1.0;57.38;57.53;78.67;62.34;63.94;69.64;-1.0;74.55;-1.0;77.99;-1.0;82.47
366760;lassana;coulibaly l.;{'uuid': '8fa5643a-841a-44a2-8126-637759f8911e', 'name': 'lecce'};Midfielder;False;False;['DM', 'M'];C;Lassana Coulibaly;Mali;1996-04-10;right;5504;lecce;38.0;30.0;2879.0;5.83;5.87;24.98;C;0.0;1.0;0.03;1.0;0.83;0.03;0.58;0.02;0.0;3.0;0.0;0.0;0.0;0.0;0.0;0.0;0.0;-1;39.0;38.0;37.0;78.95;97.37;80.0;-1;56.0;-1.0;58.57;57.38;60.92;62.6;-1.0;52.83;-1.0;62.05;53.55;-1.0;-1.0;-1.0;56.76;-1.0;60.19;-1.0;70.31
368194;Jhon;lucumi';{'uuid': '7bbe67b4-c9f4-48a3-be6f-23aa61167ff2', 'name': 'bologna'};Defender;False;False;['CB'];D;Jhon Janer Lucumi Bonilla;Colombia;1998-06-26;left;6042;bologna;32.0;29.0;2843.0;5.91;5.78;43.98;D;1.0;0.0;0.0;0.0;0.79;0.02;0.52;0.02;1.0;8.0;0.0;0.0;0.0;0.0;0.0;0.0;0.0;-1;39.0;35.0;32.0;82.86;91.43;78.0;-1;57.4;-1.0;60.24;56.66;89.63;82.02;-1.0;-1.0;-1.0;85.79;-1.0;-1.0;-1.0;-1.0;87.44;55.84;86.86;-1.0;67.57
370745;Dennis;Torset Johnsen;{'uuid': '15cfc725-f2e8-4d2a-8fd7-17c9e164430d', 'name': 'cremonese'};Forward;False;False;['F'];A;Dennis Torset Johnsen;Norway;1998-02-17;right;5496;cremonese;35.0;16.0;2022.0;6.18;6.98;33.2;A;7.0;8.0;0.36;9.0;5.68;0.25;4.26;0.19;0.0;6.0;0.0;0.0;0.0;0.0;0.0;0.0;0.0;-1;39.0;37.0;34.0;43.24;91.89;57.0;-1;53.72;-1.0;39.17;63.33;-1.0;41.68;72.81;56.19;53.48;42.6;57.4;-1.0;61.98;-1.0;-1.0;-1.0;47.89;56.86;56.29
372255;lautaro javier;martinez l.;{'uuid': 'fb3aee60-b9c5-4842-b8c0-f338743a5532', 'name': 'inter'};Forward;False;False;['CF'];A;Lautaro Javier Martinez;Argentina;1997-08-22;right;2764;inter;31.0;31.0;2707.0;6.19;7.43;90.8;A;3.0;12.0;0.4;14.0;15.96;0.53;4.08;0.14;0.0;1.0;0.0;0.0;0.0;0.0;0.0;0.0;0.0;-1;39.0;33.0;31.0;93.94;93.94;76.0;-1;61.13;-1.0;54.25;89.26;-1.0;52.89;-1.0;67.42;71.18;53.46;69.91;61.74;68.01;-1.0;-1.0;-1.0;55.43;52.62;70.3
373768;riccardo;orsolini;{'uuid': '7bbe67b4-c9f4-48a3-be6f-23aa61167ff2', 'name': 'bologna'};Wing-Forward;False;False;['W', 'F'];C;Riccardo Orsolini;Italy;1997-01-24;left;2167;bologna;30.0;23.0;2009.0;6.29;7.86;100.0;C;3.0;15.0;0.67;13.0;7.79;0.35;2.76;0.12;0.0;2.0;3.0;3.0;0.0;0.0;0.0;0.0;0.0;-1;39.0;33.0;29.0;69.7;87.88;58.0;-1;68.5;-1.0;56.39;79.06;-1.0;52.81;79.0;64.06;79.55;59.71;77.16;65.27;85.68;68.15;-1.0;-1.0;63.16;80.24;54.11
374807;Marius;marin m.;{'uuid': 'c1a7a918-44f8-4da9-86b6-f8b95e8e261d', 'name': 'pisa'};Midfielder;False;False;['DM', 'M'];C;Marius Marin;Romania;1998-08-30;right;7149;pisa;34.0;31.0;2850.0;6.12;5.96;10.4;C;2.0;1.0;0.03;1.0;1.21;0.04;1.93;0.06;1.0;9.0;0.0;1.0;0.0;0.0;0.0;0.0;0.0;-1;39.0;34.0;34.0;91.18;100.0;78.0;-1;45.33;39.92;57.77;40.22;52.69;55.09;-1.0;45.51;-1.0;49.25;38.64;-1.0;-1.0;-1.0;49.25;-1.0;49.6;-1.0;56.71
375004;Vakoun Issouf;Bayo;{'uuid': '10699c39-fa51-4968-8ee6-209df2113a8c', 'name': 'udinese'};Forward;False;False;['CF'];A;Vakoun Issouf Bayo;Côte d'Ivoire;1997-01-10;right;7161;udinese;41.0;25.0;2462.0;5.78;6.43;17.09;A;0.0;10.0;0.37;12.0;11.1;0.41;0.61;0.02;1.0;5.0;1.0;1.0;0.0;0.0;0.0;0.0;0.0;-1;39.0;43.0;40.0;58.14;93.02;70.0;-1;-1.0;-1.0;-1.0;69.14;-1.0;41.23;-1.0;40.59;58.48;-1.0;61.79;54.08;56.86;-1.0;-1.0;-1.0;41.67;-1.0;53.74
375771;mathias;olivera;{'uuid': '28ba208b-80fd-4a40-8014-bc82d2976fc3', 'name': 'napoli'};Wing-Back;False;False;['LB', 'E'];D;Mathias Olivera Miramontes;Uruguay;1997-10-31;left;5840;napoli;32.0;26.0;2558.0;6.06;6.03;73.42;D;1.0;0.0;0.0;0.0;1.55;0.05;1.55;0.05;0.0;4.0;0.0;0.0;0.0;0.0;0.0;0.0;0.0;-1;39.0;33.0;31.0;78.79;93.94;71.0;-1;63.45;-1.0;61.94;60.84;77.21;77.65;-1.0;57.28;-1.0;80.48;57.39;63.99;-1.0;-1.0;81.73;81.22;77.76;-1.0;59.84
388398;Giuseppe;pezzella giu.;{'uuid': '15cfc725-f2e8-4d2a-8fd7-17c9e164430d', 'name': 'cremonese'};Wide-Midfielder;False;False;['LB', 'E'];D;Giuseppe Pezzella;Italy;1997-11-29;left;770;cremonese;35.0;34.0;3073.0;5.86;5.85;33.65;D;3.0;0.0;0.0;0.0;0.8;0.02;5.06;0.15;0.0;7.0;0.0;0.0;0.0;0.0;0.0;0.0;0.0;-1;39.0;37.0;35.0;91.89;94.59;85.0;-1;72.33;-1.0;55.19;59.99;54.21;57.07;88.29;65.02;-1.0;56.3;59.14;-1.0;-1.0;-1.0;55.98;-1.0;55.99;73.27;52.24
391530;Christian;pulisic;{'uuid': '2e4b19a8-e58e-4782-905f-bf0219218572', 'name': 'milan'};Wing-Forward;False;False;['OM', 'F'];C;Christian Pulisic;United States;1998-09-18;right;2423;milan;34.0;29.0;2638.0;6.28;7.32;98.32;C;6.0;11.0;0.38;9.0;8.7;0.3;5.85;0.2;0.0;1.0;3.0;4.0;0.0;0.0;0.0;0.0;0.0;-1;39.0;34.0;34.0;85.29;100.0;75.0;-1;74.91;-1.0;68.2;79.67;54.52;60.32;66.57;70.94;74.02;70.5;75.01;-1.0;73.51;81.79;58.39;-1.0;75.79;69.75;82.81
391885;Marin;pongracic;{'uuid': '573f5fa3-5623-417c-9efc-f28b50bc7778', 'name': 'fiorentina'};Defender;False;False;['CB'];D;Marin Pongracic;Croatia;1997-09-11;right;5603;fiorentina;21.0;15.0;1528.0;5.95;5.76;30.12;D;0.0;0.0;0.0;0.0;0.15;0.01;0.05;0.0;1.0;2.0;0.0;0.0;0.0;0.0;0.0;0.0;0.0;-1;39.0;29.0;19.0;51.72;65.52;43.0;-1;-1.0;-1.0;65.49;54.35;81.86;77.86;-1.0;-1.0;-1.0;80.82;-1.0;-1.0;-1.0;-1.0;81.67;53.99;81.61;-1.0;55.39
396887;Christian;fruchtl;{'uuid': '8fa5643a-841a-44a2-8126-637759f8911e', 'name': 'lecce'};;False;False;['G'];P;Christian Fruchtl;;2000-01-28;;2401;lecce;-1.0;-1.0;-1.0;-1.0;-1.0;-1.0;P;-1.0;-1.0;-1.0;-2.0;-1.0;-1.0;-1.0;-1.0;-1.0;-1.0;-1.0;-1.0;-1.0;-1.0;-1.0;-1.0;-1.0;-1;39.0;-1.0;-1.0;-1.0;-1.0;-1.0;-1;-1.0;-1.0;-1.0;-1.0;-1.0;-1.0;-1.0;-1.0;-1.0;-1.0;-1.0;-1.0;-1.0;-1.0;-1.0;-1.0;-1.0;-1.0;-1.0
397029;antoine;bernede;{'uuid': 'e9e1d0da-2ab8-449c-8738-84666289eb1b', 'name': 'verona'};Midfielder;False;False;['M'];C;Antoine Bernede;France;1999-05-26;right;7028;verona;26.0;16.0;1406.0;5.82;5.97;26.36;C;0.0;2.0;0.13;2.0;2.29;0.15;0.54;0.03;0.0;4.0;0.0;0.0;0.0;0.0;0.0;0.0;0.0;-1;39.0;28.0;24.0;57.14;85.71;40.0;-1;65.61;-1.0;68.34;57.68;62.02;66.86;-1.0;58.82;57.67;66.26;51.74;-1.0;55.11;-1.0;66.06;-1.0;70.26;51.88;62.35
397174;Scott;mctominay;{'uuid': '28ba208b-80fd-4a40-8014-bc82d2976fc3', 'name': 'napoli'};Mezzala;False;False;['M', 'OM'];C;Scott McTominay;England;1996-12-08;right;4777;napoli;36.0;33.0;3190.0;6.42;7.46;97.19;C;3.0;12.0;0.34;15.0;9.33;0.26;0.53;0.01;0.0;3.0;0.0;0.0;0.0;0.0;0.0;0.0;0.0;-1;39.0;36.0;35.0;91.67;97.22;87.0;-1;63.11;-1.0;55.87;77.63;58.81;55.38;-1.0;52.79;80.36;62.75;67.91;65.97;77.74;-1.0;61.76;-1.0;64.13;64.31;75.97
397239;Luca;pellegrini lu.;{'uuid': 'f10c49fc-d0ce-4a7b-ba2d-f136e95e0fe0', 'name': 'lazio'};Wing-Back;False;False;['LB', 'E'];D;Luca Pellegrini;Italy;1999-03-07;left;2728;lazio;22.0;10.0;1200.0;6.07;6.09;78.12;D;3.0;0.0;0.0;0.0;1.1;0.08;2.22;0.17;0.0;5.0;0.0;0.0;0.0;0.0;0.0;0.0;0.0;-1;39.0;27.0;20.0;37.04;74.07;33.0;-1;58.93;59.06;70.57;59.1;66.99;71.38;92.0;71.35;60.04;68.51;63.55;-1.0;47.31;-1.0;71.78;58.24;64.21;59.14;55.55
399569;Jens;odgaard;{'uuid': '7bbe67b4-c9f4-48a3-be6f-23aa61167ff2', 'name': 'bologna'};Attacking-Midfielder;False;False;['OM', 'F'];C;Jens Odgaard;Denmark;1999-03-31;left;2765;bologna;28.0;23.0;1968.0;6.1;6.76;86.8;C;1.0;6.0;0.27;6.0;4.52;0.21;1.47;0.07;0.0;1.0;0.0;0.0;0.0;0.0;0.0;0.0;0.0;-1;39.0;31.0;27.0;74.19;87.1;57.0;-1;59.41;57.62;55.1;76.95;-1.0;51.96;-1.0;56.01;72.59;57.98;65.49;60.55;73.6;-1.0;-1.0;-1.0;59.59;57.62;65.94
399654;rafael;leao;{'uuid': '2e4b19a8-e58e-4782-905f-bf0219218572', 'name': 'milan'};Wing-Forward;True;False;['F'];A;Rafael Alexandre Conceicao Leao;Portugal;1999-06-10;right;4510;milan;34.0;25.0;2480.0;6.2;7.07;78.19;A;8.0;8.0;0.29;9.0;8.15;0.3;6.58;0.24;0.0;5.0;0.0;0.0;0.0;0.0;0.0;0.0;0.0;-1;39.0;36.0;34.0;69.44;94.44;70.0;-1;81.0;-1.0;77.06;87.01;49.49;58.71;65.62;80.57;79.0;67.57;84.97;67.16;69.76;74.05;53.51;-1.0;71.97;76.55;59.03
403260;Samuel;chukwueze;{'uuid': '2e4b19a8-e58e-4782-905f-bf0219218572', 'name': 'milan'};Wing-Forward;False;False;['W'];C;Samuel Chukwueze;Nigeria;1999-05-22;left;4856;milan;26.0;9.0;1048.0;6.07;6.49;75.59;C;2.0;3.0;0.26;4.0;2.15;0.18;2.96;0.25;0.0;0.0;0.0;0.0;0.0;0.0;0.0;0.0;0.0;-1;39.0;34.0;18.0;26.47;52.94;30.0;-1;88.18;-1.0;53.25;78.72;47.44;57.76;83.52;78.49;54.7;71.67;72.61;-1.0;71.09;84.21;-1.0;-1.0;77.72;73.86;58.21
403447;domilson Dodò;dodò;{'uuid': '573f5fa3-5623-417c-9efc-f28b50bc7778', 'name': 'fiorentina'};Wing-Back;False;False;['E'];D;Domilson Cordeiro dos Santos;Brazil;1998-11-17;right;5885;fiorentina;35.0;35.0;3353.0;6.12;6.15;77.19;D;5.0;0.0;0.0;0.0;2.3;0.06;4.42;0.12;0.0;8.0;0.0;0.0;0.0;0.0;0.0;0.0;0.0;-1;39.0;35.0;35.0;100.0;100.0;91.0;-1;78.91;55.69;65.14;62.46;56.42;64.2;80.62;65.07;-1.0;73.97;61.09;-1.0;-1.0;53.14;62.9;-1.0;77.15;83.91;61.46
403832;Leo Skiri;ostigard;{'uuid': '8f9c4fc6-a3f1-4750-979a-7b10da38e12f', 'name': 'genoa'};Defender;False;False;['CB'];D;Leo Skiri Ostigard;Norway;1999-11-28;right;5750;genoa;27.0;25.0;2389.0;5.76;5.69;35.19;D;0.0;1.0;0.04;2.0;1.63;0.06;0.1;0.0;1.0;4.0;0.0;0.0;0.0;0.0;0.0;0.0;0.0;-1;39.0;29.0;26.0;86.21;89.66;63.0;-1;-1.0;53.38;68.74;56.37;85.01;77.6;-1.0;50.75;-1.0;74.64;-1.0;59.63;-1.0;-1.0;79.11;54.51;72.25;-1.0;59.79
405597;alessandro;bastoni;{'uuid': 'fb3aee60-b9c5-4842-b8c0-f338743a5532', 'name': 'inter'};Defender;False;False;['CB'];D;Alessandro Bastoni;Italy;1999-04-13;left;2120;inter;33.0;31.0;2541.0;6.16;6.24;89.99;D;3.0;1.0;0.04;2.0;0.91;0.03;1.66;0.06;1.0;5.0;0.0;0.0;0.0;0.0;0.0;0.0;0.0;-1;39.0;36.0;33.0;86.11;91.67;72.0;-1;67.52;59.3;68.08;57.76;82.61;92.49;84.61;68.01;-1.0;95.13;53.97;-1.0;-1.0;51.39;84.75;76.52;93.77;-1.0;68.3
405598;raoul;bellanova;{'uuid': '313d7f52-5056-426e-9637-9aeae2c94d8d', 'name': 'atalanta'};Wide-Midfielder;False;False;['E'];D;Raoul Bellanova;Italy;2000-05-17;right;4887;atalanta;35.0;28.0;2659.0;6.12;6.31;90.43;D;8.0;0.0;0.0;0.0;1.71;0.06;4.85;0.16;0.0;3.0;0.0;0.0;0.0;0.0;0.0;0.0;0.0;-1;39.0;37.0;35.0;75.68;94.59;75.0;-1;77.96;-1.0;-1.0;63.95;56.15;61.16;89.27;62.83;-1.0;65.36;66.98;66.81;-1.0;55.78;60.12;-1.0;62.05;68.46;55.96
405603;Matteo;gabbia;{'uuid': '2e4b19a8-e58e-4782-905f-bf0219218572', 'name': 'milan'};Defender;False;False;['CB'];D;Matteo Gabbia;Italy;1999-10-21;right;4401;milan;26.0;24.0;2321.0;6.09;6.24;84.56;D;0.0;2.0;0.08;4.0;1.7;0.07;0.06;0.0;0.0;4.0;0.0;0.0;0.0;0.0;0.0;0.0;0.0;-1;39.0;34.0;25.0;70.59;73.53;64.0;-1;-1.0;65.7;-1.0;57.16;88.73;88.17;-1.0;-1.0;-1.0;86.2;-1.0;-1.0;-1.0;-1.0;80.97;73.53;81.18;-1.0;55.37
405608;andrea;pinamonti;{'uuid': '1cdca4b8-4eea-4a38-a776-63f5887d5762', 'name': 'sassuolo'};Forward;False;False;['CF'];A;Andrea Pinamonti;Italy;1999-05-19;right;2038;sassuolo;36.0;33.0;3051.0;5.78;6.42;49.31;A;1.0;9.0;0.27;12.0;8.19;0.24;0.84;0.02;0.0;4.0;0.0;1.0;0.0;0.0;0.0;0.0;0.0;-1;39.0;37.0;36.0;89.19;97.3;85.0;-1;-1.0;-1.0;-1.0;78.23;-1.0;49.45;-1.0;50.8;74.64;51.25;64.17;71.8;72.11;-1.0;-1.0;-1.0;55.42;-1.0;70.23
406682;Ademola;lookman;{'uuid': '313d7f52-5056-426e-9637-9aeae2c94d8d', 'name': 'atalanta'};Forward;False;False;['F'];A;Ademola Lookman;England;1997-10-20;right;4730;atalanta;31.0;28.0;2374.0;6.35;7.87;93.68;A;4.0;15.0;0.57;15.0;12.12;0.46;7.91;0.3;0.0;4.0;1.0;1.0;0.0;0.0;0.0;0.0;0.0;-1;39.0;33.0;31.0;84.85;93.94;68.0;-1;79.35;56.01;55.68;94.6;51.55;56.84;83.96;63.41;79.4;66.26;92.74;62.62;80.85;59.31;-1.0;-1.0;71.79;82.61;55.06
408821;Samuele;Mulattieri;{'uuid': '1cdca4b8-4eea-4a38-a776-63f5887d5762', 'name': 'sassuolo'};Forward;False;False;['CF'];A;Samuele Mulattieri;Italy;2000-10-07;right;6205;sassuolo;32.0;19.0;1745.0;6.1;6.99;34.69;A;3.0;9.0;0.46;10.0;7.99;0.41;1.05;0.05;0.0;3.0;0.0;0.0;0.0;0.0;0.0;0.0;0.0;-1;39.0;34.0;31.0;55.88;91.18;50.0;-1;45.75;-1.0;-1.0;70.88;-1.0;38.22;-1.0;48.44;59.29;43.89;68.0;39.83;62.04;-1.0;-1.0;-1.0;46.45;40.05;51.7
409271;Jakub;piotrowski;{'uuid': '10699c39-fa51-4968-8ee6-209df2113a8c', 'name': 'udinese'};Midfielder;False;False;['M'];C;Jakub Piotrowski;Poland;1997-10-04;right;7198;udinese;25.0;20.0;1868.0;6.35;7.13;77.95;C;4.0;6.0;0.29;8.0;3.46;0.17;1.34;0.06;1.0;3.0;1.0;1.0;0.0;0.0;0.0;0.0;0.0;-1;39.0;25.0;25.0;80.0;100.0;53.0;-1;49.74;-1.0;69.0;57.28;55.87;65.5;-1.0;61.97;56.86;74.73;55.35;-1.0;60.35;46.59;57.92;-1.0;75.83;-1.0;73.45
409322;andrea;cambiaso;{'uuid': '8f4e639c-b52a-4ea8-9f2c-80c5172add56', 'name': 'juventus'};Wing-Back;False;False;['E'];D;Andrea Cambiaso;Italy;2000-02-20;left;5520;juventus;33.0;25.0;2379.0;6.07;6.25;87.41;D;2.0;2.0;0.08;2.0;0.89;0.03;2.5;0.09;0.0;4.0;0.0;0.0;0.0;0.0;0.0;0.0;0.0;-1;39.0;33.0;32.0;75.76;96.97;66.0;-1;80.68;-1.0;61.06;62.24;75.26;79.96;67.02;60.71;-1.0;88.27;60.58;-1.0;-1.0;62.77;76.61;-1.0;89.47;58.65;80.61
410031;moise bioty;kean;{'uuid': '573f5fa3-5623-417c-9efc-f28b50bc7778', 'name': 'fiorentina'};Forward;False;False;['CF'];A;Moise Bioty Kean;Italy;2000-02-28;right;2097;fiorentina;32.0;31.0;2904.0;6.28;7.97;92.02;A;3.0;19.0;0.59;21.0;18.26;0.57;1.22;0.04;0.0;6.0;1.0;2.0;0.0;0.0;0.0;0.0;0.0;-1;39.0;32.0;32.0;96.88;100.0;80.0;-1;57.98;-1.0;-1.0;88.1;-1.0;-1.0;-1.0;54.98;92.28;-1.0;79.54;66.49;80.57;-1.0;-1.0;-1.0;50.11;67.11;61.95
412696;Ylber;ramadani;{'uuid': '8fa5643a-841a-44a2-8126-637759f8911e', 'name': 'lecce'};Midfielder;False;False;['DM', 'M'];C;Ylber Ramadani;Albania;1996-04-12;right;6394;lecce;29.0;21.0;1940.0;5.83;5.92;25.91;C;1.0;1.0;0.05;1.0;0.57;0.03;0.29;0.01;0.0;3.0;0.0;0.0;0.0;0.0;0.0;0.0;0.0;-1;39.0;38.0;27.0;55.26;71.05;55.0;-1;-1.0;-1.0;64.27;55.84;66.19;70.14;-1.0;-1.0;-1.0;71.44;-1.0;-1.0;-1.0;-1.0;60.72;-1.0;68.49;-1.0;68.09
415348;Nicholas;Pierini;{'uuid': '1cdca4b8-4eea-4a38-a776-63f5887d5762', 'name': 'sassuolo'};Wing-Forward;False;False;['F'];A;Nicholas Pierini;Italy;1998-08-06;right;1842;sassuolo;33.0;10.0;1521.0;6.13;7.02;31.43;A;0.0;10.0;0.59;9.0;4.62;0.27;2.06;0.12;0.0;1.0;0.0;0.0;0.0;0.0;0.0;0.0;0.0;-1;39.0;35.0;31.0;28.57;88.57;44.0;-1;50.3;40.18;53.72;59.55;43.63;45.98;46.65;61.98;56.87;49.99;59.61;-1.0;78.27;-1.0;48.05;-1.0;50.03;49.69;51.01
415617;david;neres;{'uuid': '28ba208b-80fd-4a40-8014-bc82d2976fc3', 'name': 'napoli'};Wing-Forward;False;False;['W', 'F'];C;David Neres Campos;Brazil;1997-03-03;left;6831;napoli;28.0;13.0;1407.0;6.18;6.56;86.92;C;5.0;2.0;0.13;2.0;3.31;0.21;4.08;0.26;0.0;1.0;0.0;0.0;0.0;0.0;0.0;0.0;0.0;-1;39.0;29.0;25.0;44.83;86.21;41.0;-1;88.92;-1.0;-1.0;73.97;52.31;55.35;85.93;80.82;53.25;67.81;77.26;-1.0;57.18;78.02;-1.0;-1.0;75.52;91.51;59.56
416165;Keinan;davis k.;{'uuid': '10699c39-fa51-4968-8ee6-209df2113a8c', 'name': 'udinese'};Forward;False;False;['CF'];A;Keinan Davis;England;1998-02-13;left;5637;udinese;23.0;10.0;1179.0;5.76;5.98;33.14;A;0.0;2.0;0.15;3.0;3.25;0.25;1.01;0.08;0.0;2.0;0.0;0.0;0.0;0.0;0.0;0.0;0.0;-1;39.0;25.0;19.0;40.0;76.0;34.0;-1;-1.0;52.06;-1.0;88.07;-1.0;50.47;-1.0;52.94;72.77;63.0;80.85;66.1;57.84;56.28;-1.0;-1.0;63.81;59.26;66.26
418950;dusan;vlahovic;{'uuid': '8f4e639c-b52a-4ea8-9f2c-80c5172add56', 'name': 'juventus'};Forward;False;False;['CF'];A;Dusan Vlahovic;Serbia;2000-01-28;left;2841;juventus;29.0;21.0;1923.0;6.11;7.2;88.85;A;3.0;10.0;0.47;6.0;9.5;0.44;1.13;0.05;0.0;3.0;4.0;4.0;0.0;0.0;0.0;0.0;0.0;-1;39.0;32.0;25.0;65.62;78.12;54.0;-1;54.26;52.58;-1.0;93.85;-1.0;-1.0;-1.0;62.04;80.41;48.5;83.45;58.39;61.47;-1.0;-1.0;-1.0;50.01;-1.0;59.75
419283;Andrea;ghion;{'uuid': '1cdca4b8-4eea-4a38-a776-63f5887d5762', 'name': 'sassuolo'};Midfielder;False;False;['DM', 'M'];C;Andrea Ghion;Italy;2000-02-23;right;4930;sassuolo;23.0;19.0;1466.0;5.97;5.97;20.41;C;1.0;0.0;0.0;0.0;0.57;0.03;0.95;0.06;0.0;2.0;0.0;0.0;0.0;0.0;0.0;0.0;0.0;-1;39.0;28.0;22.0;67.86;78.57;43.0;-1;-1.0;-1.0;64.21;44.84;61.14;67.19;-1.0;40.1;-1.0;78.75;40.58;-1.0;-1.0;40.5;63.86;-1.0;77.89;-1.0;61.62
419489;Giacomo;Satalino;{'uuid': '1cdca4b8-4eea-4a38-a776-63f5887d5762', 'name': 'sassuolo'};Goalkeeper;False;False;['G'];P;Giacomo Satalino;Italy;1999-05-20;right;2127;sassuolo;10.0;10.0;968.0;6.27;5.67;-1.0;P;0.0;0.0;0.0;0.0;0.0;0.0;0.0;0.0;0.0;0.0;0.0;0.0;0.0;4.0;10.0;10.0;11.47;-1;39.0;38.0;10.0;26.32;26.32;26.0;-1;-1.0;-1.0;-1.0;-1.0;-1.0;-1.0;-1.0;-1.0;-1.0;-1.0;-1.0;-1.0;-1.0;-1.0;-1.0;-1.0;-1.0;-1.0;-1.0
419719;Perr;schuurs;{'uuid': '8cbf8ec8-2e07-4946-9d90-58b0da6a9c14', 'name': 'torino'};;True;False;['CB'];D;Perr Schuurs;;1999-11-26;;6041;torino;-1.0;-1.0;-1.0;-1.0;-1.0;70.65;D;-1.0;-1.0;-1.0;-2.0;-1.0;-1.0;-1.0;-1.0;-1.0;-1.0;-1.0;-1.0;-1.0;-1.0;-1.0;-1.0;-1.0;-1;39.0;-1.0;-1.0;-1.0;-1.0;-1.0;-1;-1.0;-1.0;-1.0;-1.0;-1.0;-1.0;-1.0;-1.0;-1.0;-1.0;-1.0;-1.0;-1.0;-1.0;-1.0;-1.0;-1.0;-1.0;-1.0
420979;Leonardo;sernicola;{'uuid': '15cfc725-f2e8-4d2a-8fd7-17c9e164430d', 'name': 'cremonese'};Wide-Midfielder;False;False;['RB', 'LB', 'E'];D;Leonardo Sernicola;Italy;1997-07-30;right;2847;cremonese;31.0;18.0;1902.0;5.99;6.26;60.12;D;1.0;3.0;0.14;3.0;1.3;0.06;2.29;0.11;0.0;3.0;0.0;0.0;0.0;0.0;0.0;0.0;0.0;-1;39.0;37.0;28.0;48.65;75.68;53.0;-1;63.45;-1.0;-1.0;48.19;41.34;46.34;71.25;45.44;53.64;47.76;50.01;-1.0;58.03;-1.0;45.1;-1.0;48.72;53.04;47.11
421822;Enzo;ebosse;{'uuid': 'e9e1d0da-2ab8-449c-8738-84666289eb1b', 'name': 'verona'};Defender;False;False;['LB', 'CB'];D;Enzo Ebosse;France;1999-03-11;left;5994;verona;15.0;12.0;1262.0;5.88;5.75;6.54;D;0.0;0.0;0.0;0.0;0.46;0.03;0.0;0.0;0.0;4.0;0.0;0.0;0.0;0.0;0.0;0.0;0.0;-1;39.0;31.0;15.0;38.71;48.39;34.0;-1;47.56;40.45;54.54;40.46;67.43;70.57;-1.0;-1.0;-1.0;68.37;-1.0;-1.0;-1.0;-1.0;62.17;49.16;66.8;-1.0;50.46
422552;Enrico;delprato;{'uuid': '05e5b3ab-8801-47e6-9eef-f6edc799628c', 'name': 'parma'};Wing-Back;False;False;['LA', 'RB', 'E'];D;Enrico Del Prato;Italy;1999-11-10;right;6664;parma;32.0;30.0;3004.0;5.91;6.16;74.85;D;0.0;4.0;0.12;5.0;1.64;0.05;0.63;0.02;0.0;8.0;0.0;0.0;0.0;0.0;0.0;0.0;0.81;-1;39.0;33.0;32.0;90.91;96.97;81.0;-1;55.22;-1.0;-1.0;58.24;74.53;65.7;-1.0;-1.0;-1.0;70.3;52.89;-1.0;-1.0;-1.0;78.69;69.99;60.88;-1.0;55.84
423151;davide;frattesi;{'uuid': 'fb3aee60-b9c5-4842-b8c0-f338743a5532', 'name': 'inter'};Mezzala;False;False;['M', 'OM'];C;Davide Frattesi;Italy;1999-09-22;right;2848;inter;28.0;9.0;1364.0;6.08;6.63;95.88;C;1.0;5.0;0.33;5.0;4.97;0.33;0.75;0.05;0.0;1.0;0.0;0.0;0.0;0.0;0.0;0.0;0.0;-1;39.0;36.0;26.0;25.0;72.22;39.0;-1;56.67;-1.0;59.75;77.18;-1.0;54.11;-1.0;60.73;55.74;59.19;68.85;-1.0;74.45;-1.0;-1.0;-1.0;56.15;-1.0;58.94
423333;Devis Stiven;vasquez d.;{'uuid': '1e324d46-77cf-49f1-8dd2-9a0e343741c2', 'name': 'roma'};Goalkeeper;False;False;['G'];P;Devis Stiven Vasquez Llach;Colombia;1998-05-12;right;6125;roma;31.0;31.0;3009.0;6.18;4.95;-1.0;P;0.0;0.0;0.0;0.0;0.0;0.0;0.0;0.0;0.0;2.0;0.0;0.0;1.0;5.0;45.0;45.0;36.5;-1;39.0;38.0;31.0;81.58;81.58;82.0;-1;-1.0;-1.0;-1.0;-1.0;-1.0;-1.0;-1.0;-1.0;-1.0;-1.0;-1.0;-1.0;-1.0;-1.0;-1.0;-1.0;-1.0;-1.0;-1.0
426473;Jesper;karlsson;{'uuid': '7bbe67b4-c9f4-48a3-be6f-23aa61167ff2', 'name': 'bologna'};Wing-Forward;False;False;['W', 'F'];A;Jesper Karlsson;Sweden;1998-07-25;right;6459;bologna;20.0;9.0;882.0;5.67;5.9;16.79;A;0.0;2.0;0.2;1.0;1.04;0.11;0.79;0.08;0.0;3.0;1.0;1.0;0.0;0.0;0.0;0.0;0.0;-1;39.0;37.0;17.0;24.32;45.95;26.0;-1;-1.0;-1.0;-1.0;-1.0;-1.0;-1.0;-1.0;-1.0;-1.0;-1.0;-1.0;-1.0;-1.0;-1.0;-1.0;-1.0;-1.0;-1.0;-1.0
427754;David Chidozie;Okereke;{'uuid': '15cfc725-f2e8-4d2a-8fd7-17c9e164430d', 'name': 'cremonese'};Forward;False;False;['F'];A;David Chidozie Okereke;Nigeria;1997-08-29;right;5515;cremonese;29.0;24.0;2309.0;6.04;6.9;38.82;A;3.0;8.0;0.31;8.0;10.07;0.39;1.99;0.08;0.0;4.0;0.0;0.0;0.0;0.0;0.0;0.0;0.0;-1;39.0;29.0;29.0;82.76;100.0;63.0;-1;59.25;-1.0;-1.0;75.21;-1.0;44.41;-1.0;54.02;63.45;46.65;66.22;54.4;58.37;47.52;-1.0;-1.0;50.94;56.3;61.89
428012;Matteo;guendouzi;{'uuid': 'f10c49fc-d0ce-4a7b-ba2d-f136e95e0fe0', 'name': 'lazio'};Midfielder;False;False;['M'];C;Matteo Guendouzi Olie;France;1999-04-14;right;4186;lazio;37.0;37.0;3543.0;6.17;6.21;60.54;C;2.0;1.0;0.03;1.0;1.67;0.04;2.02;0.05;0.0;7.0;0.0;0.0;0.0;0.0;0.0;0.0;0.0;-1;39.0;37.0;37.0;100.0;100.0;96.0;-1;65.18;54.09;83.86;57.92;83.31;88.11;-1.0;52.17;-1.0;86.08;53.25;-1.0;-1.0;-1.0;87.96;-1.0;84.64;-1.0;88.24
433104;Nikola;krstovic;{'uuid': '313d7f52-5056-426e-9637-9aeae2c94d8d', 'name': 'atalanta'};Forward;False;False;['CF'];A;Nikola Krstovic;Serbia;2000-04-05;right;6435;lecce;37.0;37.0;3276.0;5.94;6.8;58.09;A;5.0;11.0;0.3;9.0;10.76;0.3;2.45;0.07;0.0;6.0;2.0;3.0;0.0;0.0;0.0;0.0;0.0;-1;39.0;37.0;37.0;100.0;100.0;90.0;-1;57.17;-1.0;52.73;79.82;-1.0;-1.0;-1.0;57.3;70.71;53.84;70.26;73.33;62.86;-1.0;-1.0;-1.0;56.63;52.27;70.72
434277;Michele;collocolo;{'uuid': '15cfc725-f2e8-4d2a-8fd7-17c9e164430d', 'name': 'cremonese'};Mezzala;False;False;['DM', 'M'];C;Michele Collocolo;Italy;1999-11-08;right;7132;cremonese;34.0;30.0;2844.0;6.14;6.76;31.78;C;1.0;8.0;0.25;9.0;4.67;0.15;2.3;0.07;0.0;8.0;0.0;0.0;0.0;0.0;0.0;0.0;0.0;-1;39.0;35.0;33.0;85.71;94.29;78.0;-1;70.61;-1.0;-1.0;50.84;45.68;51.62;51.32;42.95;45.61;54.9;50.87;-1.0;59.12;39.86;47.95;-1.0;55.41;-1.0;62.77
435395;ardian;ismajli;{'uuid': '8cbf8ec8-2e07-4946-9d90-58b0da6a9c14', 'name': 'torino'};Defender;True;False;['CB'];D;Ardian Ismajli;Kosovo;1996-09-30;right;5010;torino;29.0;29.0;2712.0;5.97;5.92;52.77;D;0.0;0.0;0.0;0.0;0.45;0.02;0.0;0.0;0.0;3.0;0.0;0.0;0.0;0.0;0.0;0.0;0.0;-1;39.0;29.0;29.0;100.0;100.0;73.0;-1;-1.0;53.57;-1.0;55.47;79.03;59.96;-1.0;-1.0;-1.0;60.62;-1.0;-1.0;-1.0;-1.0;71.38;69.87;54.73;-1.0;53.76
435501;carlos augusto;carlos augusto;{'uuid': 'fb3aee60-b9c5-4842-b8c0-f338743a5532', 'name': 'inter'};Defender;False;False;['LA', 'LB', 'E'];D;Carlos Augusto Zopolato Neves;Brazil;1999-01-07;left;5877;inter;29.0;15.0;1862.0;6.12;6.48;95.22;D;2.0;3.0;0.15;5.0;2.61;0.13;1.79;0.09;0.0;1.0;0.0;0.0;0.0;0.0;0.0;0.0;0.0;-1;39.0;32.0;29.0;46.88;90.62;52.0;-1;67.0;56.4;57.64;63.91;79.16;84.59;-1.0;54.48;53.3;85.55;59.55;62.5;68.08;57.81;85.48;-1.0;82.66;-1.0;58.05
436970;Hamza;rafia;{'uuid': '8fa5643a-841a-44a2-8126-637759f8911e', 'name': 'lecce'};Mezzala;False;False;['M', 'OM'];C;Hamza Rafia;Tunisia;1999-04-02;right;6222;lecce;18.0;14.0;1124.0;5.74;5.63;7.65;C;0.0;0.0;0.0;0.0;0.42;0.03;1.13;0.09;0.0;4.0;0.0;0.0;0.0;0.0;0.0;0.0;0.0;-1;39.0;34.0;18.0;41.18;52.94;32.0;-1;59.11;-1.0;65.19;59.04;63.11;64.59;76.25;64.65;-1.0;67.89;53.73;-1.0;-1.0;-1.0;66.23;-1.0;72.93;58.88;85.98
437020;Adrian;rus;{'uuid': 'c1a7a918-44f8-4da9-86b6-f8b95e8e261d', 'name': 'pisa'};Defender;False;False;['RB', 'CB'];D;Adrian Rus;Romania;1996-03-18;right;7141;pisa;25.0;14.0;1366.0;6.08;6.16;27.31;D;0.0;2.0;0.13;0.0;0.0;0.0;0.81;0.05;0.0;8.0;1.0;1.0;0.0;0.0;0.0;0.0;0.0;-1;39.0;37.0;23.0;37.84;62.16;38.0;-1;46.24;-1.0;47.89;41.94;53.04;52.17;45.41;-1.0;-1.0;41.46;41.47;-1.0;-1.0;-1.0;51.3;58.44;39.92;-1.0;42.94
437238;Armand;Lauriente;{'uuid': '1cdca4b8-4eea-4a38-a776-63f5887d5762', 'name': 'sassuolo'};Wing-Forward;False;False;['F'];A;Armand Lauriente;France;1998-12-04;right;6060;sassuolo;33.0;29.0;2475.0;6.42;7.97;54.65;A;4.0;18.0;0.65;16.0;9.87;0.36;3.75;0.14;0.0;8.0;2.0;3.0;0.0;0.0;0.0;0.0;0.0;-1;39.0;34.0;33.0;85.29;97.06;71.0;-1;58.11;-1.0;38.52;71.51;42.16;42.06;46.2;55.14;71.15;47.63;69.19;-1.0;71.88;44.79;-1.0;-1.0;51.47;59.05;49.18
437618;Matteo;tramoni m.;{'uuid': 'c1a7a918-44f8-4da9-86b6-f8b95e8e261d', 'name': 'pisa'};Attacking-Midfielder;False;False;['W', 'OM'];C;Matteo Tramoni;France;2000-01-20;right;5318;pisa;26.0;23.0;2093.0;6.46;8.04;93.72;C;2.0;13.0;0.56;13.0;8.33;0.36;2.44;0.1;0.0;0.0;1.0;1.0;0.0;0.0;0.0;0.0;0.0;-1;39.0;29.0;26.0;79.31;89.66;58.0;-1;56.1;-1.0;45.75;59.3;37.47;42.68;55.12;47.55;53.29;42.96;52.87;46.99;67.32;45.41;-1.0;-1.0;48.3;53.63;50.95
440873;michele;di gregorio;{'uuid': '8f4e639c-b52a-4ea8-9f2c-80c5172add56', 'name': 'juventus'};Goalkeeper;False;False;['G'];P;Michele  Di Gregorio;Italy;1997-07-27;right;5876;juventus;33.0;33.0;3193.0;6.18;5.63;-1.0;P;0.0;0.0;0.0;0.0;0.0;0.0;0.0;0.0;0.0;0.0;0.0;0.0;0.0;14.0;32.0;32.0;28.35;-1;39.0;38.0;33.0;86.84;86.84;87.0;-1;-1.0;-1.0;-1.0;-1.0;-1.0;-1.0;-1.0;-1.0;-1.0;-1.0;-1.0;-1.0;-1.0;-1.0;-1.0;-1.0;-1.0;-1.0;-1.0
442211;Abdelhamid;Sabiri;{'uuid': '573f5fa3-5623-417c-9efc-f28b50bc7778', 'name': 'fiorentina'};;False;False;['OM'];C;Abdelhamid Sabiri;;1996-11-28;;5788;fiorentina;-1.0;-1.0;-1.0;-1.0;-1.0;-1.0;C;-1.0;-1.0;-1.0;-2.0;-1.0;-1.0;-1.0;-1.0;-1.0;-1.0;-1.0;-1.0;-1.0;-1.0;-1.0;-1.0;-1.0;-1;39.0;-1.0;-1.0;-1.0;-1.0;-1.0;-1;-1.0;-1.0;-1.0;-1.0;-1.0;-1.0;-1.0;-1.0;-1.0;-1.0;-1.0;-1.0;-1.0;-1.0;-1.0;-1.0;-1.0;-1.0;-1.0
444669;nicolas ivan;gonzalez n.;{'uuid': '8f4e639c-b52a-4ea8-9f2c-80c5172add56', 'name': 'juventus'};Wing-Forward;False;False;['W', 'F'];A;Nicolas Ivan Gonzalez;Argentina;1998-04-06;left;4179;juventus;26.0;23.0;1841.0;6.03;6.4;61.95;A;2.0;3.0;0.15;3.0;4.83;0.24;0.73;0.04;0.0;3.0;0.0;0.0;0.0;0.0;0.0;0.0;0.0;-1;39.0;27.0;23.0;85.19;85.19;53.0;-1;71.62;-1.0;67.24;73.65;-1.0;55.32;-1.0;57.49;78.71;60.84;63.88;73.91;57.99;-1.0;-1.0;-1.0;63.41;59.34;67.3
445103;Josep;martinez jo.;{'uuid': 'fb3aee60-b9c5-4842-b8c0-f338743a5532', 'name': 'inter'};Goalkeeper;False;False;['G'];P;Josep Martinez Riera;Spain;1998-05-27;right;5116;inter;5.0;5.0;491.0;6.37;6.37;-1.0;P;0.0;0.0;0.0;0.0;0.0;0.0;0.0;0.0;0.0;0.0;0.0;0.0;0.0;3.0;3.0;3.0;5.68;-1;39.0;38.0;5.0;13.16;13.16;13.0;-1;-1.0;-1.0;-1.0;-1.0;-1.0;-1.0;-1.0;-1.0;-1.0;-1.0;-1.0;-1.0;-1.0;-1.0;-1.0;-1.0;-1.0;-1.0;-1.0
445146;lewis;ferguson;{'uuid': '7bbe67b4-c9f4-48a3-be6f-23aa61167ff2', 'name': 'bologna'};Midfielder;False;False;['M', 'OM'];C;Lewis Ferguson;Scotland;1999-08-24;right;5858;bologna;16.0;10.0;1074.0;6.14;6.39;83.87;C;1.0;1.0;0.08;0.0;0.36;0.03;0.98;0.08;0.0;0.0;1.0;1.0;0.0;0.0;0.0;0.0;0.0;-1;39.0;25.0;14.0;40.0;56.0;30.0;-1;58.11;-1.0;61.56;59.92;72.23;75.99;-1.0;58.36;-1.0;81.06;-1.0;-1.0;-1.0;-1.0;64.1;-1.0;80.74;-1.0;80.56
446504;Victor;nelsson;{'uuid': 'e9e1d0da-2ab8-449c-8738-84666289eb1b', 'name': 'verona'};Defender;False;False;['CB'];D;Victor Nelsson;Denmark;1998-10-14;right;7018;roma;15.0;3.0;572.0;6.05;6.05;78.76;D;0.0;0.0;0.0;0.0;0.11;0.02;0.0;0.0;0.0;0.0;0.0;0.0;0.0;0.0;0.0;0.0;0.0;-1;39.0;33.0;10.0;9.09;30.3;16.0;-1;-1.0;-1.0;-1.0;-1.0;-1.0;-1.0;-1.0;-1.0;-1.0;-1.0;-1.0;-1.0;-1.0;-1.0;-1.0;-1.0;-1.0;-1.0;-1.0
447200;Fisayo;dele-bashiru;{'uuid': 'f10c49fc-d0ce-4a7b-ba2d-f136e95e0fe0', 'name': 'lazio'};Attacking-Midfielder;False;False;['M', 'OM'];C;Fisayo Dele-Bashiru;England;2001-02-06;right;6629;lazio;20.0;12.0;1030.0;5.92;6.42;58.79;C;1.0;3.0;0.26;3.0;0.89;0.08;0.51;0.04;0.0;0.0;0.0;0.0;0.0;0.0;0.0;0.0;0.0;-1;39.0;36.0;18.0;33.33;50.0;29.0;-1;61.65;-1.0;-1.0;75.59;65.59;58.15;-1.0;-1.0;56.74;67.57;66.79;-1.0;83.03;-1.0;-1.0;-1.0;69.77;70.65;75.97
447620;Maduka;okoye;{'uuid': '10699c39-fa51-4968-8ee6-209df2113a8c', 'name': 'udinese'};Goalkeeper;False;True;['G'];P;Maduka Okoye;Germany;1999-08-28;right;6462;udinese;25.0;25.0;2442.0;6.06;4.52;-1.0;P;0.0;0.0;0.0;0.0;0.0;0.0;0.0;0.0;0.0;1.0;0.0;0.0;0.0;4.0;40.0;40.0;28.86;-1;39.0;25.0;25.0;100.0;100.0;66.0;-1;-1.0;-1.0;-1.0;-1.0;-1.0;-1.0;-1.0;-1.0;-1.0;-1.0;-1.0;-1.0;-1.0;-1.0;-1.0;-1.0;-1.0;-1.0;-1.0
448274;Nicolas;kuhn;{'uuid': '3d3e3a11-950e-4170-a228-5bd0943e5716', 'name': 'como'};Wing-Forward;True;False;['W', 'F'];A;Nicolas Kuhn;Germany;2000-01-01;left;7128;como;32.0;24.0;2028.0;6.47;7.83;56.38;A;7.0;13.0;0.58;13.0;10.67;0.47;4.6;0.2;0.0;5.0;0.0;0.0;0.0;0.0;0.0;0.0;0.0;-1;39.0;34.0;32.0;70.59;94.12;57.0;-1;60.82;44.89;71.42;77.3;40.48;43.3;49.86;83.84;59.2;59.99;89.79;-1.0;72.09;99.0;46.5;-1.0;66.46;73.7;46.01
449967;Obite Evan;n'dicka;{'uuid': '1e324d46-77cf-49f1-8dd2-9a0e343741c2', 'name': 'roma'};Defender;False;False;['CB'];D;Obite Evan Ndicka;Côte d'Ivoire;1999-08-20;left;4317;roma;38.0;38.0;3677.0;6.08;6.05;71.44;D;0.0;0.0;0.0;0.0;1.34;0.03;0.24;0.01;0.0;2.0;0.0;0.0;0.0;0.0;0.0;0.0;0.0;-1;39.0;38.0;38.0;100.0;100.0;100.0;-1;58.48;54.44;-1.0;56.2;90.58;86.11;-1.0;-1.0;-1.0;88.09;-1.0;-1.0;-1.0;-1.0;89.43;70.62;85.53;-1.0;61.34
449978;Mehdi Pascal;Marcel Leris;{'uuid': 'c1a7a918-44f8-4da9-86b6-f8b95e8e261d', 'name': 'pisa'};Wide-Midfielder;False;False;['W'];C;Mehdi Pascal Marcel Leris;France;1998-05-23;right;2334;pisa;2.0;1.0;104.0;5.98;5.98;19.52;C;0.0;0.0;0.0;0.0;0.06;0.06;0.14;0.12;0.0;0.0;0.0;0.0;0.0;0.0;0.0;0.0;0.0;-1;39.0;3.0;2.0;33.33;66.67;3.0;-1;-1.0;-1.0;-1.0;-1.0;-1.0;-1.0;-1.0;-1.0;-1.0;-1.0;-1.0;-1.0;-1.0;-1.0;-1.0;-1.0;-1.0;-1.0;-1.0
450488;Malthe;hojholt;{'uuid': 'c1a7a918-44f8-4da9-86b6-f8b95e8e261d', 'name': 'pisa'};Midfielder;False;False;['DM', 'M'];C;Malthe Hojholt;Denmark;2001-04-16;left;7147;pisa;33.0;14.0;1686.0;5.9;6.01;10.84;C;1.0;1.0;0.05;1.0;1.1;0.06;1.14;0.06;0.0;1.0;0.0;0.0;0.0;0.0;0.0;0.0;0.0;-1;39.0;41.0;32.0;34.15;78.05;48.0;-1;39.4;-1.0;49.51;44.88;50.97;50.34;-1.0;45.08;-1.0;49.97;39.65;-1.0;-1.0;-1.0;50.14;-1.0;48.12;-1.0;48.07
450972;abdoulrahmane;harroui;{'uuid': 'e9e1d0da-2ab8-449c-8738-84666289eb1b', 'name': 'verona'};Wing-Forward;False;False;['W', 'OM'];C;Abdou Harroui;Netherlands;1998-01-13;right;5688;verona;10.0;5.0;498.0;5.9;6.35;84.83;C;2.0;1.0;0.18;1.0;1.59;0.29;0.58;0.1;0.0;1.0;0.0;0.0;0.0;0.0;0.0;0.0;0.0;-1;39.0;11.0;10.0;45.45;90.91;14.0;-1;-1.0;-1.0;-1.0;-1.0;-1.0;-1.0;-1.0;-1.0;-1.0;-1.0;-1.0;-1.0;-1.0;-1.0;-1.0;-1.0;-1.0;-1.0;-1.0
453315;Albert;gronbaek;{'uuid': '8f9c4fc6-a3f1-4750-979a-7b10da38e12f', 'name': 'genoa'};Attacking-Midfielder;False;False;['W', 'OM'];C;Albert Gronbaek Erlykke;Denmark;2001-05-23;right;6722;genoa;20.0;11.0;1057.0;5.89;6.26;81.38;C;2.0;2.0;0.17;3.0;2.55;0.22;0.87;0.07;0.0;1.0;0.0;0.0;0.0;0.0;0.0;0.0;0.0;-1;39.0;23.0;18.0;47.83;78.26;31.0;-1;56.66;53.41;55.86;77.08;-1.0;51.62;-1.0;52.7;65.71;51.47;64.71;-1.0;59.98;-1.0;-1.0;-1.0;55.66;51.47;65.91
460224;youssef;maleh;{'uuid': '8fa5643a-841a-44a2-8126-637759f8911e', 'name': 'lecce'};Mezzala;False;False;['DM', 'M'];C;Youssef Maleh;Italy;1998-08-22;left;5457;lecce;22.0;17.0;1613.0;5.83;5.74;12.87;C;1.0;0.0;0.0;0.0;0.75;0.04;0.64;0.04;1.0;4.0;0.0;0.0;0.0;0.0;0.0;0.0;0.0;-1;39.0;23.0;22.0;73.91;95.65;46.0;-1;-1.0;-1.0;66.0;58.72;53.3;63.07;-1.0;59.03;-1.0;59.23;55.26;-1.0;-1.0;-1.0;55.4;-1.0;61.58;-1.0;68.61
461665;tommaso;pobega;{'uuid': '7bbe67b4-c9f4-48a3-be6f-23aa61167ff2', 'name': 'bologna'};Midfielder;False;False;['DM', 'M'];C;Tommaso Pobega;Italy;1999-07-15;left;5298;bologna;21.0;13.0;1288.0;6.01;6.13;68.64;C;1.0;2.0;0.14;2.0;1.61;0.11;1.05;0.07;2.0;5.0;0.0;0.0;0.0;0.0;0.0;0.0;0.0;-1;39.0;31.0;21.0;41.94;67.74;36.0;-1;-1.0;-1.0;68.26;62.18;58.54;56.17;-1.0;57.25;61.34;59.66;55.48;-1.0;66.62;-1.0;56.4;-1.0;56.82;-1.0;63.46
462132;Maxence;caqueret;{'uuid': '3d3e3a11-950e-4170-a228-5bd0943e5716', 'name': 'como'};Mezzala;False;False;['M', 'OM'];C;Maxence Caqueret;France;2000-02-15;right;5036;como;27.0;21.0;1785.0;6.01;6.25;60.79;C;3.0;2.0;0.1;2.0;1.68;0.08;1.67;0.08;0.0;5.0;0.0;0.0;0.0;0.0;0.0;0.0;0.0;-1;39.0;33.0;26.0;63.64;78.79;51.0;-1;60.17;-1.0;71.42;63.25;71.99;79.69;-1.0;60.5;-1.0;77.0;58.93;-1.0;-1.0;-1.0;80.87;-1.0;80.0;52.74;90.03
471029;michel;aebischer;{'uuid': 'c1a7a918-44f8-4da9-86b6-f8b95e8e261d', 'name': 'pisa'};Midfielder;False;False;['M'];C;Michel Aebischer;Switzerland;1997-01-06;right;5784;pisa;14.0;9.0;789.0;5.78;5.71;17.81;C;0.0;0.0;0.0;0.0;0.68;0.08;0.43;0.05;0.0;2.0;0.0;0.0;0.0;0.0;0.0;0.0;0.0;-1;39.0;24.0;13.0;37.5;54.17;23.0;-1;-1.0;-1.0;-1.0;-1.0;-1.0;-1.0;-1.0;-1.0;-1.0;-1.0;-1.0;-1.0;-1.0;-1.0;-1.0;-1.0;-1.0;-1.0;-1.0
471122;antonino;gallo;{'uuid': '8fa5643a-841a-44a2-8126-637759f8911e', 'name': 'lecce'};Wing-Back;False;False;['LB', 'E'];D;Antonino Gallo;Italy;2000-01-05;left;4502;lecce;31.0;31.0;2810.0;5.79;5.64;18.26;D;2.0;0.0;0.0;0.0;0.19;0.01;3.15;0.1;1.0;3.0;0.0;0.0;0.0;0.0;0.0;0.0;0.0;-1;39.0;32.0;31.0;96.88;96.88;77.0;-1;71.81;-1.0;57.73;56.94;54.51;59.86;81.51;63.33;-1.0;54.71;58.59;-1.0;-1.0;-1.0;58.67;66.77;52.28;-1.0;54.04
471286;Federico;ravaglia f.;{'uuid': '7bbe67b4-c9f4-48a3-be6f-23aa61167ff2', 'name': 'bologna'};Goalkeeper;False;False;['G'];P;Federico Ravaglia;Italy;1999-11-11;right;2722;bologna;12.0;11.0;1145.0;6.05;5.22;-1.0;P;0.0;0.0;0.0;0.0;0.0;0.0;0.0;0.0;0.0;0.0;0.0;0.0;0.0;4.0;14.0;14.0;7.75;-1;39.0;38.0;12.0;28.95;31.58;31.0;-1;-1.0;-1.0;-1.0;-1.0;-1.0;-1.0;-1.0;-1.0;-1.0;-1.0;-1.0;-1.0;-1.0;-1.0;-1.0;-1.0;-1.0;-1.0;-1.0
471300;Manuel;De Luca;{'uuid': '15cfc725-f2e8-4d2a-8fd7-17c9e164430d', 'name': 'cremonese'};Forward;False;False;['CF'];A;Manuel De Luca;Italy;1998-07-17;right;5512;cremonese;37.0;18.0;2013.0;5.89;6.63;28.23;A;2.0;10.0;0.45;13.0;9.74;0.44;1.34;0.06;0.0;3.0;1.0;2.0;0.0;0.0;0.0;0.0;0.0;-1;39.0;42.0;35.0;42.86;83.33;58.0;-1;-1.0;-1.0;-1.0;73.86;-1.0;-1.0;-1.0;38.5;57.19;36.71;64.3;43.22;55.51;-1.0;-1.0;-1.0;37.44;-1.0;43.58
471348;Weston;mckennie;{'uuid': '8f4e639c-b52a-4ea8-9f2c-80c5172add56', 'name': 'juventus'};Attacking-Midfielder;False;False;['DM', 'M'];C;Weston  McKennie;United States;1998-08-28;right;4973;juventus;32.0;27.0;2462.0;6.01;6.21;60.23;C;2.0;2.0;0.07;3.0;3.29;0.12;3.77;0.14;0.0;3.0;0.0;0.0;0.0;0.0;0.0;0.0;0.0;-1;39.0;35.0;31.0;77.14;88.57;69.0;-1;59.31;-1.0;59.61;66.47;61.74;66.8;-1.0;61.03;-1.0;69.41;63.02;61.32;-1.0;-1.0;64.41;-1.0;66.49;-1.0;80.03
471651;gianluca;gaetano;{'uuid': '1c949031-2bcb-434e-a9ea-8fec3fa80c23', 'name': 'cagliari'};Attacking-Midfielder;False;False;['OM'];C;Gianluca Gaetano;Italy;2000-05-05;right;4364;cagliari;28.0;8.0;1127.0;5.74;6.06;69.23;C;3.0;2.0;0.16;1.0;3.05;0.24;2.1;0.17;0.0;0.0;0.0;0.0;0.0;0.0;0.0;0.0;0.0;-1;39.0;35.0;28.0;22.86;80.0;33.0;-1;60.03;-1.0;57.6;75.39;49.21;55.64;-1.0;70.33;52.22;59.85;69.69;58.21;52.19;-1.0;49.36;-1.0;64.64;58.27;65.34
471901;Cyril;ngonge;{'uuid': '8cbf8ec8-2e07-4946-9d90-58b0da6a9c14', 'name': 'torino'};Wing-Forward;False;False;['F'];A;Cyril Ngonge;Belgium;2000-05-26;left;6145;torino;17.0;1.0;293.0;5.76;5.7;61.09;A;0.0;0.0;0.0;0.0;0.98;0.3;0.15;0.05;0.0;2.0;0.0;0.0;0.0;0.0;0.0;0.0;0.0;-1;39.0;38.0;7.0;2.63;18.42;8.0;-1;-1.0;-1.0;-1.0;-1.0;-1.0;-1.0;-1.0;-1.0;-1.0;-1.0;-1.0;-1.0;-1.0;-1.0;-1.0;-1.0;-1.0;-1.0;-1.0
473327;Juan;miranda j.;{'uuid': '7bbe67b4-c9f4-48a3-be6f-23aa61167ff2', 'name': 'bologna'};Wing-Back;False;True;['LB', 'E'];D;Juan Miranda Gonzalez;Spain;2000-01-19;left;4734;bologna;31.0;25.0;2475.0;5.96;6.06;69.72;D;6.0;0.0;0.0;0.0;0.32;0.01;5.09;0.19;1.0;4.0;0.0;0.0;0.0;0.0;0.0;0.0;0.0;-1;39.0;36.0;29.0;69.44;80.56;68.0;-1;54.98;57.05;81.29;57.66;63.76;80.4;88.17;68.34;-1.0;78.8;56.25;-1.0;-1.0;-1.0;78.38;79.6;70.8;-1.0;56.86
475011;alexis jesse;saelemaekers;{'uuid': '2e4b19a8-e58e-4782-905f-bf0219218572', 'name': 'milan'};Wide-Midfielder;False;False;['E', 'W'];C;Alexis Saelemaekers;Belgium;1999-06-27;right;4892;milan;23.0;18.0;1563.0;6.25;7.18;95.02;C;3.0;7.0;0.4;8.0;2.56;0.15;2.28;0.13;0.0;5.0;0.0;0.0;0.0;0.0;0.0;0.0;0.0;-1;39.0;28.0;22.0;64.29;78.57;45.0;-1;60.16;-1.0;57.79;74.56;56.0;63.84;66.77;64.24;73.51;80.17;74.16;-1.0;95.28;-1.0;59.8;-1.0;80.24;61.67;72.8
475110;Gustav;isaksen;{'uuid': 'f10c49fc-d0ce-4a7b-ba2d-f136e95e0fe0', 'name': 'lazio'};Wing-Forward;True;False;['W', 'F'];C;Gustav Tang Isaksen;Denmark;2001-04-19;left;6398;lazio;37.0;29.0;2339.0;5.93;6.21;61.51;C;1.0;4.0;0.15;4.0;5.69;0.22;3.16;0.12;0.0;5.0;0.0;0.0;0.0;0.0;0.0;0.0;0.0;-1;39.0;37.0;37.0;78.38;100.0;68.0;-1;88.41;-1.0;57.68;81.16;-1.0;54.73;63.97;60.76;79.76;65.13;76.35;-1.0;59.5;72.06;-1.0;-1.0;68.4;77.75;56.42
475319;gleison;bremer;{'uuid': '8f4e639c-b52a-4ea8-9f2c-80c5172add56', 'name': 'juventus'};Defender;False;False;['CB'];D;Gleysson Bremer Silva Nascimento;Brazil;1997-03-18;right;2788;juventus;6.0;6.0;580.0;6.12;5.95;83.98;D;0.0;0.0;0.0;0.0;0.15;0.02;0.0;0.0;0.0;2.0;0.0;0.0;0.0;0.0;0.0;0.0;0.0;-1;39.0;6.0;6.0;100.0;100.0;16.0;-1;-1.0;-1.0;-1.0;-1.0;-1.0;-1.0;-1.0;-1.0;-1.0;-1.0;-1.0;-1.0;-1.0;-1.0;-1.0;-1.0;-1.0;-1.0;-1.0
475430;alessandro;zanoli;{'uuid': '28ba208b-80fd-4a40-8014-bc82d2976fc3', 'name': 'napoli'};Wide-Midfielder;False;False;['RB', 'E'];D;Alessandro Zanoli;Italy;2000-10-03;right;5527;napoli;31.0;19.0;1839.0;5.8;5.85;46.27;D;0.0;1.0;0.05;1.0;0.89;0.04;1.37;0.07;0.0;3.0;0.0;0.0;0.0;0.0;0.0;0.0;0.0;-1;39.0;35.0;31.0;54.29;88.57;53.0;-1;93.68;-1.0;-1.0;64.08;-1.0;54.63;84.75;61.31;-1.0;58.46;62.86;66.25;-1.0;64.46;-1.0;-1.0;59.64;79.82;49.37
475599;jurgen;ekkelenkamp;{'uuid': '10699c39-fa51-4968-8ee6-209df2113a8c', 'name': 'udinese'};Wide-Midfielder;False;False;['M', 'OM'];C;Jurgen Ekkelenkamp;Netherlands;2000-04-05;right;6684;udinese;35.0;21.0;2104.0;5.9;6.19;53.87;C;2.0;3.0;0.13;3.0;3.51;0.15;1.28;0.05;0.0;2.0;0.0;0.0;0.0;0.0;0.0;0.0;0.0;-1;39.0;37.0;34.0;56.76;91.89;61.0;-1;67.65;-1.0;60.36;64.39;57.06;59.02;-1.0;59.13;59.23;62.81;60.74;66.72;61.67;-1.0;55.51;-1.0;59.64;-1.0;71.24
475601;Noa;lang;{'uuid': '28ba208b-80fd-4a40-8014-bc82d2976fc3', 'name': 'napoli'};Wing-Forward;False;False;['F'];A;Noa Lang;Netherlands;1999-06-17;right;7120;napoli;29.0;23.0;2015.0;6.57;8.0;76.15;A;9.0;11.0;0.49;11.0;6.08;0.27;5.75;0.26;0.0;1.0;0.0;0.0;0.0;0.0;0.0;0.0;0.0;-1;39.0;29.0;29.0;79.31;100.0;57.0;-1;95.41;-1.0;63.67;87.64;47.35;56.14;58.79;66.41;56.69;71.08;65.73;-1.0;72.95;91.95;54.1;-1.0;79.16;81.63;56.04
476366;Zakaria;aboukhlal;{'uuid': '8cbf8ec8-2e07-4946-9d90-58b0da6a9c14', 'name': 'torino'};Wing-Forward;False;False;['F'];A;Zakaria Aboukhlal;Netherlands;2000-02-18;left;7183;torino;26.0;22.0;2064.0;5.97;6.66;59.61;A;2.0;7.0;0.31;7.0;9.19;0.4;1.24;0.05;0.0;4.0;1.0;2.0;0.0;0.0;0.0;0.0;0.0;-1;39.0;26.0;26.0;84.62;100.0;58.0;-1;60.81;-1.0;-1.0;86.4;-1.0;-1.0;51.51;54.23;83.08;47.03;90.12;55.12;59.32;-1.0;-1.0;-1.0;49.6;52.82;64.22
477270;nadir;zortea;{'uuid': '7bbe67b4-c9f4-48a3-be6f-23aa61167ff2', 'name': 'bologna'};Wide-Midfielder;False;False;['E'];D;Nadir Zortea;Italy;1999-06-19;right;4433;cagliari;35.0;33.0;2877.0;5.95;6.49;96.4;D;2.0;6.0;0.19;8.0;2.76;0.09;3.14;0.1;0.0;2.0;0.0;0.0;0.0;0.0;0.0;0.0;0.0;-1;39.0;36.0;35.0;91.67;97.22;81.0;-1;76.46;-1.0;55.55;60.28;46.72;54.02;88.8;55.0;56.91;57.91;60.96;-1.0;80.6;-1.0;53.2;-1.0;61.04;75.88;54.61
481266;ivan;ilic;{'uuid': '8cbf8ec8-2e07-4946-9d90-58b0da6a9c14', 'name': 'torino'};Mezzala;False;False;['M'];C;Ivan Ilic;Serbia;2001-03-17;left;5007;torino;19.0;9.0;1025.0;5.85;5.9;66.47;C;0.0;1.0;0.09;1.0;0.58;0.05;1.25;0.11;0.0;4.0;0.0;0.0;0.0;0.0;0.0;0.0;0.0;-1;39.0;23.0;17.0;39.13;73.91;29.0;-1;59.85;-1.0;69.62;62.56;67.78;65.22;45.65;59.73;-1.0;80.24;61.4;-1.0;-1.0;-1.0;66.32;-1.0;81.49;59.97;73.91
481319;marco;carnesecchi;{'uuid': '313d7f52-5056-426e-9637-9aeae2c94d8d', 'name': 'atalanta'};Goalkeeper;False;False;['G'];P;Marco Carnesecchi;Italy;2000-07-01;right;4431;atalanta;34.0;34.0;3304.0;6.27;5.64;-1.0;P;0.0;0.0;0.0;0.0;0.0;0.0;0.0;0.0;0.0;1.0;0.0;0.0;0.0;13.0;34.0;34.0;36.64;-1;39.0;36.0;34.0;94.44;94.44;89.0;-1;-1.0;-1.0;-1.0;-1.0;-1.0;-1.0;-1.0;-1.0;-1.0;-1.0;-1.0;-1.0;-1.0;-1.0;-1.0;-1.0;-1.0;-1.0;-1.0
482186;Adrian;benedyczak;{'uuid': '05e5b3ab-8801-47e6-9eef-f6edc799628c', 'name': 'parma'};Wide-Midfielder;False;False;['F'];A;Adrian Benedyczak;Poland;2000-11-24;right;6667;parma;9.0;2.0;251.0;5.54;5.54;23.99;A;0.0;0.0;0.0;0.0;0.18;0.06;0.08;0.03;0.0;0.0;0.0;0.0;0.0;0.0;0.0;0.0;0.0;-1;39.0;14.0;8.0;14.29;57.14;7.0;-1;-1.0;-1.0;-1.0;-1.0;-1.0;-1.0;-1.0;-1.0;-1.0;-1.0;-1.0;-1.0;-1.0;-1.0;-1.0;-1.0;-1.0;-1.0;-1.0
485151;nicolo;casale;{'uuid': '7bbe67b4-c9f4-48a3-be6f-23aa61167ff2', 'name': 'bologna'};Defender;False;False;['CB'];D;Nicolo Casale;Italy;1998-02-14;right;5498;bologna;17.0;11.0;1128.0;5.93;5.84;31.02;D;1.0;0.0;0.0;0.0;0.6;0.05;1.05;0.08;0.0;1.0;0.0;0.0;0.0;0.0;0.0;0.0;0.0;-1;39.0;34.0;15.0;32.35;44.12;31.0;-1;-1.0;62.49;58.56;57.5;85.63;66.12;-1.0;57.68;-1.0;73.82;-1.0;-1.0;-1.0;-1.0;87.4;49.48;67.79;-1.0;56.94
486593;Oumar;Solet Bomawoko;{'uuid': '10699c39-fa51-4968-8ee6-209df2113a8c', 'name': 'udinese'};Defender;False;False;['CB'];D;Oumar Solet Bomawoko;France;2000-02-07;right;6956;udinese;19.0;19.0;1790.0;5.95;6.11;81.02;D;2.0;1.0;0.05;1.0;0.93;0.05;0.63;0.03;1.0;2.0;0.0;0.0;0.0;0.0;0.0;0.0;0.0;-1;39.0;19.0;19.0;100.0;100.0;49.0;-1;59.84;-1.0;57.29;56.21;79.1;77.54;-1.0;58.16;-1.0;82.51;-1.0;-1.0;-1.0;-1.0;78.26;76.39;84.83;58.56;69.49
487061;lloyd;kelly l.;{'uuid': '8f4e639c-b52a-4ea8-9f2c-80c5172add56', 'name': 'juventus'};Defender;False;False;['LB', 'CB'];D;Lloyd Kelly;England;1998-10-06;left;6766;juventus;22.0;15.0;1445.0;5.95;5.93;51.41;D;1.0;0.0;0.0;0.0;0.97;0.06;0.16;0.01;0.0;3.0;0.0;0.0;0.0;0.0;0.0;0.0;0.0;-1;39.0;37.0;17.0;40.54;45.95;40.0;-1;58.49;-1.0;58.15;58.7;74.98;74.26;-1.0;54.08;-1.0;77.77;53.68;66.05;-1.0;-1.0;74.08;66.08;73.63;-1.0;61.27
489594;Corrie;ndaba;{'uuid': '8fa5643a-841a-44a2-8126-637759f8911e', 'name': 'lecce'};Wing-Back;False;False;['LB', 'E'];D;Corrie Ndaba;Ireland Republic;1999-12-25;left;7182;lecce;36.0;35.0;3431.0;5.94;5.98;39.07;D;1.0;1.0;0.03;1.0;1.83;0.05;1.01;0.03;0.0;5.0;0.0;0.0;0.0;0.0;0.0;0.0;0.0;-1;39.0;36.0;36.0;97.22;100.0;91.0;-1;52.05;-1.0;47.88;48.91;47.42;52.18;-1.0;42.94;-1.0;46.97;44.4;50.7;-1.0;-1.0;47.0;-1.0;47.91;-1.0;57.53
491083;Michael Bruno;folorunsho;{'uuid': '1c949031-2bcb-434e-a9ea-8fec3fa80c23', 'name': 'cagliari'};Wide-Midfielder;False;False;['M', 'OM'];C;Michael Ijemuan Folorunsho;Italy;1998-02-07;right;6252;cagliari;20.0;6.0;772.0;5.88;5.76;56.29;C;0.0;0.0;0.0;0.0;0.66;0.08;0.31;0.04;0.0;5.0;0.0;0.0;0.0;0.0;0.0;0.0;0.0;-1;39.0;26.0;14.0;23.08;53.85;22.0;-1;-1.0;-1.0;-1.0;-1.0;-1.0;-1.0;-1.0;-1.0;-1.0;-1.0;-1.0;-1.0;-1.0;-1.0;-1.0;-1.0;-1.0;-1.0;-1.0
491350;Alberto;dossena;{'uuid': '3d3e3a11-950e-4170-a228-5bd0943e5716', 'name': 'como'};Defender;True;False;['CB'];D;Alberto Dossena;Italy;1998-10-13;right;6230;como;23.0;20.0;1958.0;5.7;5.72;58.62;D;2.0;0.0;0.0;0.0;1.42;0.07;0.17;0.01;1.0;1.0;0.0;0.0;0.0;0.0;0.0;0.0;0.0;-1;39.0;26.0;23.0;76.92;88.46;54.0;-1;-1.0;59.46;55.59;56.74;82.27;71.88;-1.0;-1.0;-1.0;74.11;-1.0;-1.0;-1.0;-1.0;75.02;60.9;68.69;-1.0;55.07
491451;alessandro;buongiorno;{'uuid': '28ba208b-80fd-4a40-8014-bc82d2976fc3', 'name': 'napoli'};Defender;False;False;['CB'];D;Alessandro Buongiorno;Italy;1999-06-06;left;2724;napoli;22.0;22.0;2088.0;6.19;6.28;91.41;D;0.0;1.0;0.04;2.0;0.52;0.02;0.05;0.0;0.0;2.0;0.0;0.0;0.0;0.0;0.0;0.0;0.0;-1;39.0;26.0;22.0;84.62;84.62;56.0;-1;57.41;55.18;64.35;56.66;86.57;79.45;-1.0;-1.0;-1.0;85.67;-1.0;-1.0;-1.0;-1.0;85.65;87.83;83.52;-1.0;58.72
492443;Valentino;castellanos;{'uuid': 'f10c49fc-d0ce-4a7b-ba2d-f136e95e0fe0', 'name': 'lazio'};Forward;False;False;['CF'];A;Valentin Mariano Jose Castellanos Gimenez;Argentina;1998-10-03;right;6226;lazio;29.0;28.0;2571.0;6.09;6.93;64.44;A;3.0;10.0;0.35;8.0;12.58;0.44;2.95;0.1;1.0;9.0;2.0;3.0;0.0;0.0;0.0;0.0;0.0;-1;39.0;31.0;29.0;90.32;93.55;71.0;-1;-1.0;-1.0;55.52;89.28;-1.0;51.58;-1.0;68.39;81.75;48.42;71.64;70.76;61.54;-1.0;-1.0;-1.0;50.98;-1.0;72.31
493039;Franco;israel;{'uuid': '8cbf8ec8-2e07-4946-9d90-58b0da6a9c14', 'name': 'torino'};Goalkeeper;False;False;['G'];P;Franco Israel Wibmer;Uruguay;2000-04-22;right;7179;torino;11.0;11.0;1094.0;6.04;5.81;-1.0;P;0.0;0.0;0.0;0.0;0.0;0.0;0.0;0.0;0.0;1.0;0.0;0.0;0.0;7.0;9.0;9.0;5.79;-1;39.0;30.0;11.0;36.67;36.67;29.0;-1;-1.0;-1.0;-1.0;-1.0;-1.0;-1.0;-1.0;-1.0;-1.0;-1.0;-1.0;-1.0;-1.0;-1.0;-1.0;-1.0;-1.0;-1.0;-1.0
493889;Fali;candè;{'uuid': '1cdca4b8-4eea-4a38-a776-63f5887d5762', 'name': 'sassuolo'};Defender;False;False;['LB', 'CB'];D;Fali Cande;Guinea-Bissau;1998-01-24;left;6985;sassuolo;25.0;23.0;2207.0;5.93;5.99;44.68;D;1.0;1.0;0.04;1.0;0.57;0.02;0.58;0.02;0.0;5.0;0.0;0.0;0.0;0.0;0.0;0.0;0.0;-1;39.0;31.0;25.0;74.19;80.65;60.0;-1;51.28;51.52;62.68;52.69;70.82;70.06;-1.0;52.72;-1.0;72.5;50.76;-1.0;-1.0;-1.0;76.09;55.05;69.31;-1.0;53.73
493989;cheikh;niasse;{'uuid': 'e9e1d0da-2ab8-449c-8738-84666289eb1b', 'name': 'verona'};Midfielder;False;False;['DM', 'M'];C;Cheikh Ahmet Tidian Niasse;France;2000-01-19;right;5540;verona;24.0;17.0;1582.0;5.79;5.58;8.53;C;0.0;0.0;0.0;0.0;0.71;0.04;0.19;0.01;1.0;8.0;0.0;0.0;0.0;0.0;0.0;0.0;0.0;-1;39.0;27.0;22.0;62.96;81.48;45.0;-1;-1.0;-1.0;57.41;54.41;54.24;59.04;-1.0;-1.0;-1.0;57.22;51.82;58.11;-1.0;-1.0;58.05;-1.0;56.59;-1.0;64.39
495728;Martin;frese;{'uuid': 'e9e1d0da-2ab8-449c-8738-84666289eb1b', 'name': 'verona'};Defender;False;False;['LB', 'E'];D;Martin Frese;Denmark;1998-01-04;left;6639;verona;11.0;5.0;618.0;5.83;5.83;65.17;D;0.0;0.0;0.0;0.0;0.01;0.0;0.06;0.01;0.0;0.0;0.0;0.0;0.0;0.0;0.0;0.0;0.0;-1;39.0;14.0;8.0;35.71;57.14;17.0;-1;-1.0;-1.0;-1.0;-1.0;-1.0;-1.0;-1.0;-1.0;-1.0;-1.0;-1.0;-1.0;-1.0;-1.0;-1.0;-1.0;-1.0;-1.0;-1.0
496427;Sebastian Wiktor;walukiewicz;{'uuid': '1cdca4b8-4eea-4a38-a776-63f5887d5762', 'name': 'sassuolo'};Defender;False;False;['RB', 'CB'];D;Sebastian Walukiewicz;Poland;2000-04-05;right;4374;sassuolo;31.0;22.0;1972.0;5.78;5.68;25.0;D;0.0;0.0;0.0;0.0;0.84;0.04;0.34;0.02;0.0;6.0;0.0;0.0;0.0;0.0;0.0;0.0;0.0;-1;39.0;36.0;28.0;61.11;77.78;55.0;-1;62.22;-1.0;71.31;56.73;70.67;67.23;-1.0;52.2;-1.0;73.51;-1.0;-1.0;-1.0;-1.0;78.21;61.87;68.12;-1.0;53.85
498425;pontus;almqvist;{'uuid': '05e5b3ab-8801-47e6-9eef-f6edc799628c', 'name': 'parma'};Wing-Forward;False;False;['W', 'F'];A;Pontus Almqvist;Sweden;1999-07-10;left;6207;parma;29.0;10.0;1233.0;5.7;5.75;4.42;A;1.0;1.0;0.07;1.0;3.02;0.22;0.92;0.07;0.0;5.0;0.0;0.0;0.0;0.0;0.0;0.0;0.0;-1;39.0;36.0;26.0;27.78;72.22;36.0;-1;80.39;-1.0;-1.0;78.97;-1.0;50.58;54.02;55.4;69.31;58.18;88.37;-1.0;51.76;72.7;-1.0;-1.0;59.1;78.87;53.59
498456;ederson jose;ederson d.s.;{'uuid': '313d7f52-5056-426e-9637-9aeae2c94d8d', 'name': 'atalanta'};Midfielder;False;False;['DM', 'M'];C;Ederson Jose dos Santos Lourenco da Silva;Brazil;1999-07-07;right;5792;atalanta;37.0;32.0;3087.0;6.27;6.54;83.43;C;1.0;4.0;0.12;5.0;4.13;0.12;3.55;0.1;1.0;4.0;0.0;0.0;0.0;0.0;0.0;0.0;0.0;-1;39.0;37.0;36.0;86.49;97.3;86.0;-1;57.93;55.7;85.22;62.3;81.37;86.29;-1.0;61.86;57.23;84.26;55.06;57.72;63.04;-1.0;78.79;-1.0;84.95;-1.0;86.65
499876;roberto;piccoli;{'uuid': '573f5fa3-5623-417c-9efc-f28b50bc7778', 'name': 'fiorentina'};Forward;False;False;['CF'];A;Roberto Piccoli;Italy;2001-01-27;right;4359;cagliari;37.0;37.0;3319.0;5.84;6.6;48.65;A;1.0;10.0;0.27;14.0;13.1;0.36;0.33;0.01;0.0;6.0;1.0;1.0;0.0;0.0;0.0;0.0;0.0;-1;39.0;37.0;37.0;100.0;100.0;93.0;-1;59.23;-1.0;52.11;82.86;-1.0;-1.0;-1.0;-1.0;65.77;-1.0;74.13;78.41;62.25;-1.0;-1.0;-1.0;52.55;-1.0;73.67
502363;Isak;hien;{'uuid': '313d7f52-5056-426e-9637-9aeae2c94d8d', 'name': 'atalanta'};Defender;False;False;['CB'];D;Isak Malcolm Kwaku Hien;Sweden;1999-01-13;right;6046;atalanta;30.0;27.0;2508.0;6.08;5.91;56.48;D;0.0;0.0;0.0;0.0;1.21;0.04;0.0;0.0;0.0;10.0;0.0;0.0;0.0;0.0;0.0;0.0;0.0;-1;39.0;32.0;30.0;84.38;93.75;69.0;-1;-1.0;58.01;-1.0;56.45;87.37;68.55;-1.0;-1.0;-1.0;70.46;-1.0;-1.0;-1.0;-1.0;72.51;49.45;64.0;-1.0;63.91
502961;Jonathan Christian;David;{'uuid': '8f4e639c-b52a-4ea8-9f2c-80c5172add56', 'name': 'juventus'};Forward;False;False;['CF'];A;Jonathan Christian David;United States;2000-01-14;both;5544;juventus;32.0;28.0;2803.0;6.14;7.61;91.38;A;4.0;16.0;0.51;11.0;11.88;0.38;3.32;0.11;0.0;4.0;6.0;7.0;0.0;0.0;0.0;0.0;0.0;-1;39.0;32.0;32.0;87.5;100.0;76.0;-1;56.65;-1.0;51.24;88.03;-1.0;52.23;-1.0;62.9;83.65;53.58;69.51;51.0;65.88;-1.0;-1.0;-1.0;53.49;-1.0;67.69
504572;Thorir Johann;helgason;{'uuid': '8fa5643a-841a-44a2-8126-637759f8911e', 'name': 'lecce'};Attacking-Midfielder;False;False;['M', 'OM'];C;Thorir Johann Helgason;Iceland;2000-09-28;right;5872;lecce;21.0;13.0;1249.0;5.81;6.0;39.34;C;4.0;0.0;0.0;0.0;1.42;0.1;1.39;0.1;0.0;0.0;0.0;0.0;0.0;0.0;0.0;0.0;0.0;-1;39.0;26.0;21.0;50.0;80.77;36.0;-1;-1.0;56.01;63.12;61.53;-1.0;52.61;-1.0;61.04;-1.0;51.95;60.54;55.68;-1.0;-1.0;-1.0;-1.0;51.06;-1.0;63.92
504797;Gennaro;Borrelli;{'uuid': '1c949031-2bcb-434e-a9ea-8fec3fa80c23', 'name': 'cagliari'};Forward;False;False;['CF'];A;Gennaro Borrelli;Italy;2000-03-10;right;6243;cagliari;34.0;28.0;2737.0;5.91;6.32;13.61;A;0.0;6.0;0.2;7.0;8.92;0.29;0.84;0.03;0.0;8.0;1.0;1.0;0.0;0.0;0.0;0.0;0.0;-1;39.0;35.0;34.0;80.0;97.14;76.0;-1;-1.0;41.05;-1.0;68.74;-1.0;37.87;-1.0;-1.0;49.28;-1.0;51.01;77.82;44.42;-1.0;-1.0;-1.0;44.67;37.85;54.49
507518;Daniel;boloca;{'uuid': '1cdca4b8-4eea-4a38-a776-63f5887d5762', 'name': 'sassuolo'};Midfielder;False;False;['DM', 'M'];C;Daniel Boloca;Italy;1998-12-22;right;6219;sassuolo;34.0;32.0;2884.0;6.25;6.63;40.35;C;3.0;4.0;0.12;5.0;2.03;0.06;0.91;0.03;0.0;4.0;0.0;0.0;0.0;0.0;0.0;0.0;0.0;-1;39.0;34.0;34.0;94.12;100.0;80.0;-1;56.86;-1.0;49.36;45.95;62.75;64.15;-1.0;43.48;-1.0;74.9;39.99;-1.0;-1.0;46.12;59.25;-1.0;75.81;-1.0;60.69
507579;alessio;zerbin;{'uuid': '15cfc725-f2e8-4d2a-8fd7-17c9e164430d', 'name': 'cremonese'};Wide-Midfielder;False;False;['E', 'W'];C;Alessio Zerbin;Italy;1999-03-03;right;5998;cremonese;20.0;17.0;1641.0;5.99;6.09;38.15;C;1.0;1.0;0.05;1.0;3.43;0.19;2.65;0.15;0.0;4.0;0.0;0.0;0.0;0.0;0.0;0.0;0.0;-1;39.0;37.0;18.0;45.95;48.65;45.0;-1;73.77;-1.0;61.49;70.11;45.75;52.03;70.12;58.49;-1.0;53.61;63.11;-1.0;-1.0;-1.0;46.77;-1.0;56.74;73.39;65.76
508830;Billy;gilmour;{'uuid': '28ba208b-80fd-4a40-8014-bc82d2976fc3', 'name': 'napoli'};Midfielder;False;False;['DM', 'M'];C;Billy Gilmour;Scotland;2001-06-11;right;5131;napoli;28.0;14.0;1399.0;6.08;6.12;46.56;C;1.0;0.0;0.0;0.0;0.45;0.03;1.46;0.09;0.0;0.0;0.0;0.0;0.0;0.0;0.0;0.0;0.0;-1;39.0;37.0;21.0;37.84;56.76;40.0;-1;-1.0;-1.0;79.21;55.4;79.72;84.02;-1.0;70.61;-1.0;89.46;-1.0;-1.0;-1.0;-1.0;72.78;-1.0;87.96;-1.0;76.98
509361;Nicolo;cambiaghi;{'uuid': '7bbe67b4-c9f4-48a3-be6f-23aa61167ff2', 'name': 'bologna'};Wing-Forward;False;False;['F'];A;Nicolo Cambiaghi;Italy;2000-12-28;right;4436;bologna;18.0;4.0;705.0;6.0;6.33;26.28;A;3.0;1.0;0.13;1.0;1.5;0.19;1.79;0.23;0.0;0.0;0.0;0.0;0.0;0.0;0.0;0.0;0.0;-1;39.0;19.0;17.0;21.05;89.47;20.0;-1;-1.0;-1.0;-1.0;-1.0;-1.0;-1.0;-1.0;-1.0;-1.0;-1.0;-1.0;-1.0;-1.0;-1.0;-1.0;-1.0;-1.0;-1.0;-1.0
511944;johan felipe;vasquez;{'uuid': '8f9c4fc6-a3f1-4750-979a-7b10da38e12f', 'name': 'genoa'};Defender;False;False;['LB', 'CB'];D;Johan Felipe Vasquez Ibarra;Mexico;1998-10-22;left;5514;genoa;36.0;34.0;3300.0;5.9;6.02;71.42;D;0.0;3.0;0.08;5.0;3.22;0.09;0.45;0.01;0.0;9.0;0.0;0.0;0.0;0.0;0.0;0.0;0.0;-1;39.0;36.0;36.0;94.44;100.0;89.0;-1;58.52;-1.0;57.04;58.2;78.86;75.51;-1.0;-1.0;-1.0;79.78;-1.0;62.42;-1.0;-1.0;74.61;60.34;79.78;-1.0;62.11
512298;Rui;rui modesto;{'uuid': '10699c39-fa51-4968-8ee6-209df2113a8c', 'name': 'udinese'};Wide-Midfielder;False;False;['E'];D;Rui Manuel Muati Modesto;Angola;1999-10-07;right;6900;udinese;20.0;4.0;699.0;5.77;5.8;85.23;D;1.0;0.0;0.0;0.0;0.21;0.03;0.71;0.09;0.0;1.0;0.0;0.0;0.0;0.0;0.0;0.0;0.0;-1;39.0;34.0;14.0;11.76;41.18;20.0;-1;-1.0;-1.0;-1.0;-1.0;-1.0;-1.0;-1.0;-1.0;-1.0;-1.0;-1.0;-1.0;-1.0;-1.0;-1.0;-1.0;-1.0;-1.0;-1.0
515713;boulaye;dia;{'uuid': 'f10c49fc-d0ce-4a7b-ba2d-f136e95e0fe0', 'name': 'lazio'};Attacking-Midfielder;False;False;['CF'];A;Boulaye Dia;France;1996-11-16;right;5672;lazio;35.0;27.0;2324.0;5.99;6.82;68.14;A;3.0;9.0;0.35;9.0;6.03;0.23;2.05;0.08;0.0;2.0;0.0;0.0;0.0;0.0;0.0;0.0;0.0;-1;39.0;37.0;35.0;72.97;94.59;67.0;-1;56.04;-1.0;55.71;82.43;-1.0;52.54;-1.0;60.92;79.03;56.06;69.39;48.74;85.95;-1.0;-1.0;-1.0;55.26;54.75;66.67
516117;Mikael Egill;ellertsson;{'uuid': '8f9c4fc6-a3f1-4750-979a-7b10da38e12f', 'name': 'genoa'};Wide-Midfielder;False;False;['M', 'W'];C;Mikael Egill Ellertsson;Iceland;2002-03-11;left;6020;genoa;36.0;29.0;2638.0;5.76;5.95;34.89;C;2.0;2.0;0.07;3.0;1.57;0.05;1.12;0.04;0.0;2.0;0.0;0.0;0.0;0.0;0.0;0.0;0.0;-1;39.0;37.0;36.0;78.38;97.3;75.0;-1;56.89;-1.0;-1.0;64.47;-1.0;49.75;-1.0;58.64;-1.0;53.16;59.41;-1.0;-1.0;-1.0;-1.0;-1.0;51.78;-1.0;54.52
516161;Charles;de ketelaere;{'uuid': '313d7f52-5056-426e-9637-9aeae2c94d8d', 'name': 'atalanta'};Wing-Forward;False;False;['F'];A;Charles De Ketelaere;Belgium;2001-03-10;left;5995;atalanta;36.0;25.0;2208.0;6.15;6.86;79.44;A;5.0;7.0;0.29;10.0;7.07;0.29;5.44;0.22;0.0;1.0;0.0;0.0;0.0;0.0;0.0;0.0;0.0;-1;39.0;36.0;36.0;69.44;100.0;64.0;-1;79.85;54.56;77.12;83.66;51.0;61.75;66.95;78.36;74.89;70.6;71.66;69.89;70.88;55.51;53.18;-1.0;79.33;81.45;76.12
516819;santiago;gimenez;{'uuid': '2e4b19a8-e58e-4782-905f-bf0219218572', 'name': 'milan'};Forward;False;False;['CF'];A;Santiago Tomas Gimenez;Italy;2001-04-18;left;7008;milan;25.0;17.0;1547.0;6.0;7.24;72.45;A;1.0;12.0;0.7;13.0;9.31;0.54;1.28;0.07;1.0;4.0;2.0;3.0;0.0;0.0;0.0;0.0;0.0;-1;39.0;25.0;24.0;68.0;96.0;44.0;-1;-1.0;-1.0;44.8;92.05;-1.0;47.02;-1.0;48.22;83.78;42.38;77.67;50.69;77.31;-1.0;-1.0;-1.0;42.18;44.71;49.87
518046;Stefano;turati;{'uuid': '1cdca4b8-4eea-4a38-a776-63f5887d5762', 'name': 'sassuolo'};Goalkeeper;False;False;['G'];P;Stefano Turati;Italy;2001-09-05;right;4867;sassuolo;30.0;30.0;2875.0;6.12;4.64;-1.0;P;0.0;0.0;0.0;0.0;0.0;0.0;0.0;0.0;0.0;1.0;0.0;0.0;2.0;2.0;52.0;52.0;44.11;-1;39.0;34.0;30.0;88.24;88.24;78.0;-1;-1.0;-1.0;-1.0;-1.0;-1.0;-1.0;-1.0;-1.0;-1.0;-1.0;-1.0;-1.0;-1.0;-1.0;-1.0;-1.0;-1.0;-1.0;-1.0
518149;Emanuele;valeri;{'uuid': '05e5b3ab-8801-47e6-9eef-f6edc799628c', 'name': 'parma'};Wing-Back;False;False;['LB', 'E'];D;Emanuele Valeri;Italy;1998-12-07;left;5862;parma;35.0;34.0;3081.0;5.92;6.19;81.32;D;4.0;2.0;0.06;1.0;1.09;0.03;4.03;0.12;0.0;1.0;1.0;1.0;0.0;0.0;0.0;0.0;0.0;-1;39.0;36.0;34.0;94.44;94.44;85.0;-1;69.13;-1.0;61.19;58.52;50.77;58.38;77.76;58.91;-1.0;53.25;60.63;-1.0;-1.0;-1.0;54.7;64.15;51.61;57.29;54.02
518166;junior walter;messias;{'uuid': '8f9c4fc6-a3f1-4750-979a-7b10da38e12f', 'name': 'genoa'};Wide-Midfielder;False;False;['M', 'W'];C;Junior Walter Messias;Brazil;1991-05-13;left;4970;genoa;17.0;8.0;941.0;5.88;5.91;32.16;C;1.0;1.0;0.1;1.0;2.16;0.21;0.35;0.03;0.0;1.0;0.0;1.0;0.0;0.0;0.0;0.0;0.0;-1;39.0;21.0;16.0;38.1;76.19;26.0;-1;-1.0;-1.0;-1.0;-1.0;-1.0;-1.0;-1.0;-1.0;-1.0;-1.0;-1.0;-1.0;-1.0;-1.0;-1.0;-1.0;-1.0;-1.0;-1.0
520566;faustino;anjorin;{'uuid': '8cbf8ec8-2e07-4946-9d90-58b0da6a9c14', 'name': 'torino'};Midfielder;False;False;['M', 'OM'];C;Faustino Anjorin;England;2001-11-23;right;6889;torino;22.0;14.0;1189.0;5.91;6.25;64.51;C;3.0;2.0;0.15;2.0;0.68;0.05;1.32;0.1;0.0;3.0;0.0;0.0;0.0;0.0;0.0;0.0;0.0;-1;39.0;22.0;22.0;63.64;100.0;35.0;-1;73.38;-1.0;78.14;58.87;59.98;63.81;-1.0;80.16;60.25;68.69;56.54;-1.0;72.98;63.89;68.93;-1.0;74.06;60.69;71.41
520617;Yann Aurel;bisseck;{'uuid': 'fb3aee60-b9c5-4842-b8c0-f338743a5532', 'name': 'inter'};Defender;False;False;['CB'];D;Yann Aurel Bisseck;Germany;2000-11-29;right;6217;inter;27.0;17.0;1811.0;6.04;6.37;97.1;D;2.0;3.0;0.15;4.0;2.74;0.14;0.25;0.01;0.0;4.0;0.0;0.0;0.0;0.0;0.0;0.0;0.0;-1;39.0;35.0;26.0;48.57;74.29;50.0;-1;-1.0;59.2;66.59;61.61;85.88;89.6;-1.0;-1.0;-1.0;92.82;54.88;76.75;-1.0;-1.0;88.05;61.33;91.9;-1.0;75.49
522257;lazar vujadin;samardzic;{'uuid': '313d7f52-5056-426e-9637-9aeae2c94d8d', 'name': 'atalanta'};Attacking-Midfielder;False;False;['OM'];C;Lazar Samardzic;Germany;2002-02-24;left;5119;atalanta;31.0;7.0;1320.0;6.03;6.18;80.67;C;0.0;2.0;0.14;2.0;2.22;0.15;3.33;0.23;0.0;3.0;0.0;0.0;0.0;0.0;0.0;0.0;0.0;-1;39.0;37.0;29.0;18.92;78.38;38.0;-1;60.81;-1.0;79.93;74.53;62.09;78.5;56.13;77.05;67.03;76.52;71.15;-1.0;61.27;61.15;55.57;-1.0;81.66;72.6;64.02
522403;Yannik;engelhardt;{'uuid': '3d3e3a11-950e-4170-a228-5bd0943e5716', 'name': 'como'};Midfielder;False;False;['DM', 'M'];C;Yannik Engelhardt;Germany;2001-02-07;right;6676;como;26.0;11.0;1293.0;5.88;5.96;37.1;C;1.0;1.0;0.07;2.0;0.55;0.04;0.86;0.06;0.0;4.0;0.0;0.0;0.0;0.0;0.0;0.0;0.0;-1;39.0;37.0;19.0;29.73;51.35;36.0;-1;56.93;-1.0;60.4;59.15;76.63;75.95;-1.0;57.29;-1.0;78.45;-1.0;-1.0;-1.0;-1.0;76.13;-1.0;75.25;-1.0;68.1
523085;Riccardo;sottil;{'uuid': '8fa5643a-841a-44a2-8126-637759f8911e', 'name': 'lecce'};Wing-Forward;False;False;['W', 'F'];C;Riccardo Sottil;Italy;1999-06-03;right;2839;lecce;24.0;9.0;1049.0;6.01;6.16;73.21;C;1.0;1.0;0.09;1.0;1.59;0.14;1.15;0.1;0.0;1.0;0.0;0.0;0.0;0.0;0.0;0.0;0.0;-1;39.0;37.0;22.0;24.32;59.46;30.0;-1;94.05;54.17;-1.0;78.31;-1.0;53.74;71.06;66.71;54.82;70.14;77.54;-1.0;57.36;84.71;-1.0;-1.0;74.62;94.79;51.12
523086;Luca;ranieri l.;{'uuid': '573f5fa3-5623-417c-9efc-f28b50bc7778', 'name': 'fiorentina'};Defender;False;False;['LB', 'CB'];D;Luca Ranieri;Italy;1999-04-23;left;4378;fiorentina;36.0;35.0;3306.0;6.06;6.1;76.49;D;2.0;1.0;0.03;1.0;1.56;0.04;1.59;0.04;0.0;7.0;0.0;0.0;0.0;0.0;0.0;0.0;0.0;-1;39.0;36.0;36.0;97.22;100.0;90.0;-1;58.84;-1.0;64.76;56.14;81.8;77.85;-1.0;53.93;-1.0;79.02;-1.0;-1.0;-1.0;-1.0;78.57;69.08;73.74;-1.0;53.88
523107;Alexander Lucas;Lind Rasmussen;{'uuid': 'c1a7a918-44f8-4da9-86b6-f8b95e8e261d', 'name': 'pisa'};Forward;False;False;['CF'];A;Alexander Lucas Lind Rasmussen;Denmark;2002-06-26;right;7153;pisa;35.0;27.0;2530.0;5.95;6.68;24.92;A;3.0;8.0;0.28;11.0;10.54;0.37;1.48;0.05;0.0;3.0;0.0;0.0;0.0;0.0;0.0;0.0;0.0;-1;39.0;36.0;35.0;75.0;97.22;72.0;-1;40.76;-1.0;-1.0;70.92;-1.0;-1.0;-1.0;41.54;47.74;-1.0;54.72;50.74;49.29;-1.0;-1.0;-1.0;37.57;-1.0;46.1
523944;Sam;beukema;{'uuid': '28ba208b-80fd-4a40-8014-bc82d2976fc3', 'name': 'napoli'};Defender;False;False;['CB'];D;Sam  Beukema;Netherlands;1998-11-17;right;6202;napoli;35.0;33.0;3272.0;6.02;6.03;68.07;D;1.0;0.0;0.0;0.0;1.79;0.05;0.57;0.02;0.0;1.0;0.0;0.0;0.0;0.0;0.0;0.0;0.0;-1;39.0;38.0;34.0;86.84;89.47;88.0;-1;-1.0;55.96;64.99;56.99;83.26;81.44;-1.0;-1.0;-1.0;82.27;-1.0;-1.0;-1.0;-1.0;78.86;67.65;81.24;-1.0;66.79
524274;anastasios;douvikas;{'uuid': '3d3e3a11-950e-4170-a228-5bd0943e5716', 'name': 'como'};Forward;False;False;['CF'];A;Anastasios Douvikas;Greece;1999-08-02;right;7017;como;33.0;12.0;1464.0;5.82;6.26;45.27;A;1.0;5.0;0.31;7.0;6.08;0.37;1.25;0.08;0.0;3.0;0.0;0.0;0.0;0.0;0.0;0.0;0.0;-1;39.0;36.0;31.0;33.33;86.11;42.0;-1;-1.0;-1.0;-1.0;84.41;-1.0;-1.0;-1.0;53.4;79.25;-1.0;73.48;61.8;69.43;-1.0;-1.0;-1.0;48.12;66.27;55.38
525236;youssouf;fofana y.;{'uuid': '2e4b19a8-e58e-4782-905f-bf0219218572', 'name': 'milan'};Midfielder;False;False;['DM', 'M'];C;Youssouf Fofana;France;1999-01-10;right;4686;milan;35.0;29.0;2697.0;6.04;6.2;70.68;C;5.0;1.0;0.03;2.0;1.09;0.04;2.83;0.09;0.0;5.0;0.0;0.0;0.0;0.0;0.0;0.0;0.0;-1;39.0;35.0;34.0;82.86;97.14;75.0;-1;58.15;-1.0;91.36;57.28;72.97;76.5;-1.0;70.16;45.22;79.47;53.13;-1.0;57.87;-1.0;70.88;-1.0;78.68;-1.0;71.7
525463;Martin;payero;{'uuid': '15cfc725-f2e8-4d2a-8fd7-17c9e164430d', 'name': 'cremonese'};Mezzala;True;False;['M'];C;Martin Ismael Payero;Argentina;1998-09-11;right;6481;udinese;25.0;16.0;1503.0;5.81;5.87;43.11;C;1.0;1.0;0.06;1.0;1.35;0.08;1.09;0.07;0.0;5.0;0.0;0.0;0.0;0.0;0.0;0.0;0.0;-1;39.0;27.0;25.0;59.26;92.59;43.0;-1;62.24;53.03;56.38;60.63;53.33;57.14;-1.0;56.02;45.45;62.07;56.78;53.98;57.84;-1.0;58.28;-1.0;65.95;64.39;71.06
526985;Domagoj;bradaric;{'uuid': 'e9e1d0da-2ab8-449c-8738-84666289eb1b', 'name': 'verona'};Wide-Midfielder;False;False;['LB', 'E'];D;Domagoj Bradaric;Croatia;1999-12-10;left;5532;verona;30.0;25.0;2123.0;5.74;5.74;23.13;D;0.0;1.0;0.04;2.0;0.95;0.04;1.91;0.08;0.0;6.0;0.0;0.0;0.0;0.0;0.0;0.0;0.0;-1;39.0;38.0;29.0;65.79;76.32;61.0;-1;67.86;-1.0;56.77;57.91;49.71;57.06;69.82;60.94;-1.0;53.73;56.36;-1.0;-1.0;53.83;48.7;-1.0;51.32;-1.0;52.13
527303;Zion;suzuki;{'uuid': '05e5b3ab-8801-47e6-9eef-f6edc799628c', 'name': 'parma'};Goalkeeper;False;False;['G'];P;Zion Suzuki;Japan;2002-08-21;right;6641;parma;37.0;37.0;3583.0;6.14;4.86;-1.0;P;0.0;0.0;0.0;0.0;0.0;0.0;0.0;0.0;1.0;1.0;0.0;0.0;0.0;7.0;53.0;53.0;48.54;-1;39.0;37.0;37.0;100.0;100.0;97.0;-1;-1.0;-1.0;-1.0;-1.0;-1.0;-1.0;-1.0;-1.0;-1.0;-1.0;-1.0;-1.0;-1.0;-1.0;-1.0;-1.0;-1.0;-1.0;-1.0
528168;Razvan;sava;{'uuid': '10699c39-fa51-4968-8ee6-209df2113a8c', 'name': 'udinese'};Goalkeeper;False;False;['G'];P;Razvan Sava;Romania;2002-06-21;right;6842;udinese;13.0;13.0;1267.0;6.09;5.21;-1.0;P;0.0;0.0;0.0;0.0;0.0;0.0;0.0;0.0;0.0;1.0;0.0;0.0;0.0;5.0;16.0;16.0;10.69;-1;39.0;31.0;13.0;41.94;41.94;34.0;-1;-1.0;-1.0;-1.0;-1.0;-1.0;-1.0;-1.0;-1.0;-1.0;-1.0;-1.0;-1.0;-1.0;-1.0;-1.0;-1.0;-1.0;-1.0;-1.0
530908;Edoardo;corvi;{'uuid': '05e5b3ab-8801-47e6-9eef-f6edc799628c', 'name': 'parma'};;False;False;['G'];P;Edoardo Corvi;;2001-03-23;;6662;parma;-1.0;-1.0;-1.0;-1.0;-1.0;-1.0;P;-1.0;-1.0;-1.0;-2.0;-1.0;-1.0;-1.0;-1.0;-1.0;-1.0;-1.0;-1.0;-1.0;-1.0;-1.0;-1.0;-1.0;-1;39.0;-1.0;-1.0;-1.0;-1.0;-1.0;-1;-1.0;-1.0;-1.0;-1.0;-1.0;-1.0;-1.0;-1.0;-1.0;-1.0;-1.0;-1.0;-1.0;-1.0;-1.0;-1.0;-1.0;-1.0;-1.0
531554;Christos;mandas;{'uuid': 'f10c49fc-d0ce-4a7b-ba2d-f136e95e0fe0', 'name': 'lazio'};Goalkeeper;False;False;['G'];P;Christos Mandas;Greece;2001-09-17;right;6482;lazio;9.0;9.0;892.0;6.23;5.9;-1.0;P;0.0;0.0;0.0;0.0;0.0;0.0;0.0;0.0;0.0;0.0;0.0;0.0;0.0;4.0;7.0;7.0;7.96;-1;39.0;38.0;9.0;23.68;23.68;24.0;-1;-1.0;-1.0;-1.0;-1.0;-1.0;-1.0;-1.0;-1.0;-1.0;-1.0;-1.0;-1.0;-1.0;-1.0;-1.0;-1.0;-1.0;-1.0;-1.0
531696;samuele;ricci s.;{'uuid': '2e4b19a8-e58e-4782-905f-bf0219218572', 'name': 'milan'};Midfielder;False;False;['DM', 'M'];C;Samuele Ricci;Italy;2001-08-21;right;5453;milan;34.0;34.0;3025.0;5.96;5.93;35.95;C;1.0;1.0;0.03;1.0;1.31;0.04;0.48;0.01;1.0;8.0;0.0;0.0;0.0;0.0;0.0;0.0;0.0;-1;39.0;35.0;34.0;97.14;97.14;84.0;-1;61.34;-1.0;60.0;56.73;70.18;66.94;-1.0;-1.0;-1.0;75.69;-1.0;-1.0;-1.0;-1.0;65.91;-1.0;75.04;-1.0;74.42
531972;marco;brescianini;{'uuid': '313d7f52-5056-426e-9637-9aeae2c94d8d', 'name': 'atalanta'};Attacking-Midfielder;False;False;['M', 'OM'];C;Marco Brescianini;Italy;2000-01-20;left;4947;atalanta;29.0;9.0;1108.0;5.94;6.41;80.15;C;2.0;4.0;0.32;4.0;2.41;0.2;1.19;0.1;0.0;1.0;0.0;0.0;0.0;0.0;0.0;0.0;0.0;-1;39.0;34.0;24.0;26.47;70.59;32.0;-1;74.22;55.27;65.18;73.31;58.55;55.7;50.38;63.29;63.58;70.39;62.09;61.72;87.23;-1.0;63.84;-1.0;71.77;68.98;63.04
532465;nicolo;fagioli;{'uuid': '573f5fa3-5623-417c-9efc-f28b50bc7778', 'name': 'fiorentina'};Mezzala;False;False;['M'];C;Nicolo Fagioli;Italy;2001-02-12;right;4465;fiorentina;32.0;15.0;1692.0;6.0;6.06;57.73;C;1.0;1.0;0.05;1.0;1.16;0.06;1.4;0.07;0.0;4.0;0.0;0.0;0.0;0.0;0.0;0.0;0.0;-1;39.0;38.0;27.0;39.47;71.05;48.0;-1;63.74;-1.0;85.93;58.06;71.95;81.72;-1.0;70.83;50.24;89.03;53.71;-1.0;58.61;-1.0;69.62;-1.0;90.37;53.54;84.95
532480;Alessandro;di pardo;{'uuid': '1c949031-2bcb-434e-a9ea-8fec3fa80c23', 'name': 'cagliari'};Wide-Midfielder;False;False;['RB', 'E'];D;Alessandro Di Pardo;Italy;1999-07-18;right;5406;cagliari;26.0;18.0;1543.0;5.81;6.04;21.77;D;2.0;2.0;0.12;2.0;2.81;0.16;0.6;0.03;1.0;2.0;0.0;0.0;0.0;0.0;0.0;0.0;0.0;-1;39.0;31.0;25.0;58.06;80.65;45.0;-1;48.08;-1.0;-1.0;50.64;44.94;46.15;42.74;42.81;42.98;47.75;49.21;-1.0;45.14;39.88;45.13;-1.0;48.06;45.84;43.11
532604;Nuno Albertino;tavares n.;{'uuid': 'f10c49fc-d0ce-4a7b-ba2d-f136e95e0fe0', 'name': 'lazio'};Wing-Back;False;False;['LB', 'E'];D;Nuno Albertino Varela Tavares;Portugal;2000-01-26;left;5620;lazio;23.0;22.0;1777.0;6.12;6.27;90.21;D;6.0;0.0;0.0;0.0;1.15;0.06;4.23;0.21;1.0;3.0;0.0;0.0;0.0;0.0;0.0;0.0;0.0;-1;39.0;26.0;23.0;84.62;88.46;51.0;-1;95.18;-1.0;65.95;64.71;70.38;72.31;92.9;81.85;49.49;76.39;65.52;-1.0;51.34;59.89;82.66;56.89;80.73;79.36;57.04
532750;Khephren;thuram k.;{'uuid': '8f4e639c-b52a-4ea8-9f2c-80c5172add56', 'name': 'juventus'};Midfielder;False;False;['DM', 'M'];C;Khephren Thuram-Ulien;France;2001-03-26;right;5562;juventus;35.0;26.0;2492.0;6.21;6.62;80.99;C;5.0;4.0;0.14;4.0;3.14;0.11;1.15;0.04;0.0;5.0;0.0;0.0;0.0;0.0;0.0;0.0;0.0;-1;39.0;35.0;34.0;74.29;97.14;70.0;-1;71.2;56.57;66.9;60.19;75.85;80.86;-1.0;59.27;55.32;85.06;56.06;-1.0;68.16;-1.0;76.76;-1.0;86.87;64.97;86.84
532771;joao;mario;{'uuid': '8f4e639c-b52a-4ea8-9f2c-80c5172add56', 'name': 'juventus'};Wing-Back;False;False;['E'];D;Joao Mario Neto Lopes;Portugal;2000-01-03;right;7175;juventus;26.0;19.0;1898.0;6.03;6.03;63.4;D;2.0;0.0;0.0;0.0;0.9;0.04;4.95;0.23;0.0;4.0;0.0;0.0;0.0;0.0;0.0;0.0;0.0;-1;39.0;29.0;26.0;65.52;89.66;53.0;-1;76.08;-1.0;64.61;58.45;48.98;57.4;81.94;75.32;-1.0;64.46;57.91;-1.0;-1.0;72.94;52.19;-1.0;63.2;64.39;48.98
535152;giuseppe;ciocci;{'uuid': '1c949031-2bcb-434e-a9ea-8fec3fa80c23', 'name': 'cagliari'};Goalkeeper;False;False;['G'];P;Giuseppe Ciocci;Italy;2002-01-24;right;4929;cagliari;4.0;3.0;301.0;6.11;5.86;-1.0;P;0.0;0.0;0.0;0.0;0.0;0.0;0.0;0.0;0.0;0.0;0.0;0.0;0.0;1.0;2.0;2.0;1.78;-1;39.0;29.0;3.0;10.34;10.34;8.0;-1;-1.0;-1.0;-1.0;-1.0;-1.0;-1.0;-1.0;-1.0;-1.0;-1.0;-1.0;-1.0;-1.0;-1.0;-1.0;-1.0;-1.0;-1.0;-1.0
535711;Gabriele;zappa;{'uuid': '1c949031-2bcb-434e-a9ea-8fec3fa80c23', 'name': 'cagliari'};Wing-Back;False;False;['LA', 'RB', 'E'];D;Gabriele Zappa;Italy;1999-12-22;right;4461;cagliari;36.0;35.0;3301.0;5.78;5.89;57.31;D;0.0;2.0;0.05;2.0;0.9;0.02;2.88;0.08;0.0;4.0;0.0;0.0;0.0;0.0;0.0;0.0;0.0;-1;39.0;37.0;36.0;94.59;97.3;90.0;-1;66.43;-1.0;71.65;58.41;72.72;74.78;75.96;61.77;-1.0;70.76;54.88;-1.0;-1.0;-1.0;81.23;47.31;65.92;-1.0;58.35
536661;Adrian;bernabè;{'uuid': '05e5b3ab-8801-47e6-9eef-f6edc799628c', 'name': 'parma'};Midfielder;False;False;['M'];C;Adrian Bernabe Garcia;Spain;2001-05-26;left;6666;parma;21.0;18.0;1561.0;6.03;6.15;54.65;C;0.0;1.0;0.06;1.0;0.82;0.05;0.73;0.04;0.0;1.0;0.0;0.0;0.0;0.0;0.0;0.0;0.0;-1;39.0;23.0;19.0;78.26;82.61;44.0;-1;57.46;-1.0;94.0;57.96;79.03;88.55;-1.0;72.88;47.82;84.34;-1.0;-1.0;60.24;-1.0;80.6;-1.0;86.11;66.51;78.06
539976;Thijs;dallinga;{'uuid': '7bbe67b4-c9f4-48a3-be6f-23aa61167ff2', 'name': 'bologna'};Forward;False;False;['CF'];A;Thijs Dallinga;Netherlands;2000-08-03;right;6643;bologna;31.0;11.0;1296.0;5.83;6.14;56.02;A;1.0;3.0;0.21;4.0;3.67;0.25;0.43;0.03;0.0;1.0;0.0;0.0;0.0;0.0;0.0;0.0;0.0;-1;39.0;38.0;25.0;28.95;65.79;37.0;-1;-1.0;-1.0;55.91;80.02;-1.0;52.39;-1.0;-1.0;72.15;56.22;67.62;79.44;63.44;-1.0;-1.0;-1.0;54.01;-1.0;60.98
544075;fabiano;parisi;{'uuid': '573f5fa3-5623-417c-9efc-f28b50bc7778', 'name': 'fiorentina'};Wide-Midfielder;False;False;['E'];D;Fabiano Parisi;Italy;2000-11-09;left;5449;fiorentina;26.0;11.0;1265.0;5.83;6.0;61.44;D;0.0;2.0;0.14;2.0;0.47;0.03;0.44;0.03;0.0;3.0;0.0;0.0;0.0;0.0;0.0;0.0;0.0;-1;39.0;38.0;20.0;28.95;52.63;36.0;-1;66.72;59.16;64.27;59.23;55.83;57.96;-1.0;57.77;-1.0;64.65;55.32;-1.0;-1.0;55.38;54.59;-1.0;64.09;69.06;55.07
544589;Patrizio;masini;{'uuid': '8f9c4fc6-a3f1-4750-979a-7b10da38e12f', 'name': 'genoa'};Midfielder;False;False;['DM', 'M'];C;Patrizio Masini;Italy;2001-01-27;right;6917;genoa;26.0;16.0;1673.0;5.96;6.02;34.1;C;0.0;1.0;0.05;1.0;0.37;0.02;0.36;0.02;0.0;3.0;0.0;0.0;0.0;0.0;0.0;0.0;0.0;-1;39.0;37.0;23.0;43.24;62.16;47.0;-1;55.13;-1.0;-1.0;57.9;52.08;58.97;46.0;-1.0;-1.0;64.19;54.2;56.93;-1.0;-1.0;52.14;-1.0;67.21;-1.0;82.82
544643;Strahinja;pavlovic;{'uuid': '2e4b19a8-e58e-4782-905f-bf0219218572', 'name': 'milan'};Defender;False;False;['CB'];D;Strahinja Pavlovic;Serbia;2001-05-24;left;5022;milan;24.0;21.0;2030.0;5.99;6.18;86.33;D;1.0;2.0;0.09;6.0;2.21;0.1;0.6;0.03;1.0;3.0;0.0;0.0;0.0;0.0;0.0;0.0;0.0;-1;39.0;37.0;22.0;56.76;59.46;55.0;-1;75.05;60.76;67.11;58.41;85.65;88.05;-1.0;-1.0;-1.0;89.17;52.34;71.58;-1.0;-1.0;89.31;66.99;88.69;-1.0;57.22
544799;Sebastiano;esposito se.;{'uuid': '1c949031-2bcb-434e-a9ea-8fec3fa80c23', 'name': 'cagliari'};Forward;False;False;['F'];A;Sebastiano Esposito;Italy;2002-07-02;right;4463;cagliari;33.0;27.0;2466.0;5.97;6.59;50.78;A;0.0;8.0;0.29;9.0;4.67;0.17;1.98;0.07;0.0;1.0;1.0;2.0;0.0;0.0;0.0;0.0;0.0;-1;39.0;34.0;33.0;79.41;97.06;70.0;-1;-1.0;-1.0;80.96;74.04;43.06;56.52;56.39;65.7;66.95;53.21;64.9;49.71;76.77;-1.0;45.75;-1.0;60.05;56.46;83.58
544849;Lucas;da cunha;{'uuid': '3d3e3a11-950e-4170-a228-5bd0943e5716', 'name': 'como'};Midfielder;False;False;['M', 'W', 'OM'];C;Lucas da Cunha;France;2001-06-09;left;5559;como;36.0;30.0;2786.0;6.03;6.25;63.89;C;1.0;3.0;0.1;3.0;1.51;0.05;4.44;0.14;0.0;4.0;0.0;0.0;0.0;0.0;0.0;0.0;0.0;-1;39.0;38.0;36.0;78.95;94.74;79.0;-1;65.81;-1.0;75.44;59.76;72.41;76.84;68.96;56.48;65.4;81.53;55.92;-1.0;68.17;-1.0;70.35;-1.0;79.85;-1.0;83.46
544937;Morten;frendrup;{'uuid': '8f9c4fc6-a3f1-4750-979a-7b10da38e12f', 'name': 'genoa'};Midfielder;False;False;['DM', 'M'];C;Morten Frendrup;Denmark;2001-04-07;right;5791;genoa;35.0;35.0;3353.0;6.0;6.13;54.16;C;0.0;3.0;0.08;3.0;1.94;0.05;0.93;0.02;0.0;5.0;0.0;0.0;0.0;0.0;0.0;0.0;0.0;-1;39.0;36.0;35.0;97.22;97.22;91.0;-1;56.23;-1.0;57.85;57.95;64.33;59.98;-1.0;-1.0;-1.0;65.14;-1.0;-1.0;-1.0;-1.0;64.08;-1.0;63.96;-1.0;78.42
545296;Yunus;musah;{'uuid': '2e4b19a8-e58e-4782-905f-bf0219218572', 'name': 'milan'};Midfielder;False;False;['M', 'W'];C;Yunus Dimoara Musah;United States;2002-11-29;right;5295;milan;29.0;19.0;1703.0;5.83;5.81;21.86;C;2.0;0.0;0.0;0.0;1.84;0.1;1.57;0.08;0.0;5.0;0.0;0.0;0.0;0.0;0.0;0.0;0.0;-1;39.0;34.0;27.0;55.88;79.41;48.0;-1;67.55;-1.0;65.99;66.19;69.28;67.84;61.32;59.16;47.38;75.37;60.89;-1.0;47.75;-1.0;76.62;-1.0;75.52;59.16;68.12
545564;mario;gila;{'uuid': 'f10c49fc-d0ce-4a7b-ba2d-f136e95e0fe0', 'name': 'lazio'};Defender;False;False;['CB'];D;Mario Gila Fuentes;Spain;2000-08-29;right;5833;lazio;32.0;31.0;2978.0;6.07;5.98;64.91;D;0.0;1.0;0.03;2.0;1.03;0.03;0.65;0.02;0.0;8.0;0.0;0.0;0.0;0.0;0.0;0.0;0.0;-1;39.0;34.0;32.0;91.18;94.12;80.0;-1;60.37;64.83;79.87;56.45;89.8;88.9;-1.0;-1.0;-1.0;87.2;-1.0;-1.0;-1.0;-1.0;90.44;67.24;88.15;-1.0;74.43
545569;Saul Basilio;coco;{'uuid': '8cbf8ec8-2e07-4946-9d90-58b0da6a9c14', 'name': 'torino'};Defender;False;False;['CB'];D;Saul Basilio Coco-Bassey Oubina;Equatorial Guinea;1999-02-09;right;6642;torino;32.0;32.0;3064.0;6.01;5.98;55.3;D;0.0;2.0;0.06;1.0;2.11;0.06;0.0;0.0;0.0;10.0;0.0;0.0;0.0;0.0;0.0;0.0;0.0;-1;39.0;35.0;32.0;91.43;91.43;83.0;-1;-1.0;-1.0;-1.0;56.37;79.03;73.77;-1.0;-1.0;-1.0;77.84;-1.0;-1.0;-1.0;-1.0;74.51;67.84;74.77;-1.0;58.48
545944;Oier;zarraga;{'uuid': '10699c39-fa51-4968-8ee6-209df2113a8c', 'name': 'udinese'};Mezzala;False;False;['DM', 'M'];C;Oier Zarraga  Egana;Spain;1999-01-04;right;6212;udinese;21.0;9.0;978.0;5.67;5.81;49.37;C;0.0;1.0;0.09;1.0;0.5;0.05;1.06;0.1;0.0;0.0;0.0;0.0;0.0;0.0;0.0;0.0;0.0;-1;39.0;30.0;19.0;30.0;63.33;28.0;-1;-1.0;-1.0;-1.0;-1.0;-1.0;-1.0;-1.0;-1.0;-1.0;-1.0;-1.0;-1.0;-1.0;-1.0;-1.0;-1.0;-1.0;-1.0;-1.0
546102;Simon;sohm;{'uuid': '573f5fa3-5623-417c-9efc-f28b50bc7778', 'name': 'fiorentina'};Midfielder;False;False;['M'];C;Simon Sohm;Switzerland;2001-04-11;right;5319;fiorentina;37.0;36.0;3212.0;5.93;6.17;49.45;C;0.0;4.0;0.11;4.0;3.6;0.1;1.71;0.05;0.0;6.0;0.0;0.0;0.0;0.0;0.0;0.0;0.0;-1;39.0;37.0;37.0;97.3;100.0;88.0;-1;69.2;-1.0;75.09;61.09;60.3;61.35;-1.0;60.25;59.24;71.54;56.23;-1.0;65.79;-1.0;67.58;-1.0;68.09;-1.0;72.01
547565;Martin;Baturina;{'uuid': '3d3e3a11-950e-4170-a228-5bd0943e5716', 'name': 'como'};Midfielder;False;False;['OM'];C;Martin Baturina;Croatia;2003-02-16;right;7126;como;33.0;31.0;2491.0;6.31;6.95;73.33;C;10.0;4.0;0.14;3.0;6.46;0.23;7.45;0.27;0.0;2.0;0.0;0.0;0.0;0.0;0.0;0.0;0.0;-1;39.0;35.0;33.0;88.57;94.29;71.0;-1;52.03;-1.0;74.66;65.79;53.98;54.48;54.14;72.57;55.43;65.69;61.24;-1.0;45.42;58.55;58.69;-1.0;73.53;54.18;68.56
548098;Lameck;banda;{'uuid': '8fa5643a-841a-44a2-8126-637759f8911e', 'name': 'lecce'};Wide-Midfielder;False;False;['W', 'F'];A;Lameck Banda;Zambia;2001-01-29;right;6001;lecce;15.0;6.0;664.0;5.8;5.83;25.51;A;1.0;0.0;0.0;0.0;1.4;0.19;0.96;0.13;0.0;1.0;0.0;0.0;0.0;0.0;0.0;0.0;0.0;-1;39.0;22.0;13.0;27.27;59.09;19.0;-1;-1.0;-1.0;-1.0;-1.0;-1.0;-1.0;-1.0;-1.0;-1.0;-1.0;-1.0;-1.0;-1.0;-1.0;-1.0;-1.0;-1.0;-1.0;-1.0
548399;Simone;Canestrelli;{'uuid': 'c1a7a918-44f8-4da9-86b6-f8b95e8e261d', 'name': 'pisa'};Defender;False;False;['CB'];D;Simone Canestrelli;Italy;2000-09-11;right;7139;pisa;36.0;35.0;3349.0;6.23;6.45;60.18;D;2.0;3.0;0.08;5.0;4.56;0.12;1.42;0.04;0.0;6.0;0.0;0.0;0.0;0.0;0.0;0.0;0.0;-1;39.0;37.0;36.0;94.59;97.3;91.0;-1;-1.0;42.65;41.45;43.65;55.25;54.59;-1.0;-1.0;-1.0;47.11;39.65;50.89;-1.0;-1.0;52.16;60.35;45.77;-1.0;46.82
549480;koni;de winter;{'uuid': '2e4b19a8-e58e-4782-905f-bf0219218572', 'name': 'milan'};Defender;False;False;['RB', 'CB'];D;Koni De Winter;Belgium;2002-06-12;right;5739;genoa;25.0;23.0;2329.0;5.93;6.17;71.8;D;0.0;3.0;0.12;6.0;1.52;0.06;0.04;0.0;0.0;6.0;0.0;0.0;0.0;0.0;0.0;0.0;0.0;-1;39.0;27.0;24.0;85.19;88.89;63.0;-1;-1.0;70.5;60.36;57.4;83.47;72.89;-1.0;-1.0;-1.0;78.34;-1.0;70.74;-1.0;-1.0;82.7;82.78;78.93;-1.0;63.71
549491;Ignace;van der brempt;{'uuid': '3d3e3a11-950e-4170-a228-5bd0943e5716', 'name': 'como'};Wing-Back;False;False;['RB', 'E'];D;Ignace Van der Brempt;Belgium;2002-04-01;right;6896;como;21.0;15.0;1427.0;5.87;5.85;37.41;D;1.0;0.0;0.0;0.0;0.95;0.06;0.3;0.02;0.0;3.0;0.0;0.0;0.0;0.0;0.0;0.0;0.0;-1;39.0;29.0;19.0;51.72;65.52;40.0;-1;66.21;52.47;54.89;59.29;64.69;57.77;48.38;49.27;-1.0;65.37;55.72;-1.0;-1.0;-1.0;64.48;71.47;60.59;64.0;55.46
551575;anass;salah-eddine;{'uuid': '1e324d46-77cf-49f1-8dd2-9a0e343741c2', 'name': 'roma'};Wing-Back;False;False;['E'];D;Anass Salah-Eddine;Netherlands;2002-01-18;left;7020;roma;21.0;17.0;1524.0;6.07;6.47;76.16;D;3.0;2.0;0.12;2.0;1.38;0.08;1.3;0.08;0.0;1.0;0.0;0.0;0.0;0.0;0.0;0.0;0.0;-1;39.0;33.0;20.0;51.52;60.61;43.0;-1;84.2;-1.0;57.65;55.9;56.64;61.49;48.66;51.36;-1.0;72.14;52.28;-1.0;-1.0;48.72;58.57;71.69;70.27;44.75;53.06
556078;Alessio;furlanetto;{'uuid': 'f10c49fc-d0ce-4a7b-ba2d-f136e95e0fe0', 'name': 'lazio'};;False;False;['G'];P;Alessio Furlanetto;;2002-09-07;;6417;lazio;-1.0;-1.0;-1.0;-1.0;-1.0;-1.0;P;-1.0;-1.0;-1.0;-2.0;-1.0;-1.0;-1.0;-1.0;-1.0;-1.0;-1.0;-1.0;-1.0;-1.0;-1.0;-1.0;-1.0;-1;39.0;-1.0;-1.0;-1.0;-1.0;-1.0;-1;-1.0;-1.0;-1.0;-1.0;-1.0;-1.0;-1.0;-1.0;-1.0;-1.0;-1.0;-1.0;-1.0;-1.0;-1.0;-1.0;-1.0;-1.0;-1.0
558093;Lautaro Rodrigo;valenti;{'uuid': '05e5b3ab-8801-47e6-9eef-f6edc799628c', 'name': 'parma'};Defender;False;False;['CB'];D;Lautaro Rodrigo Valenti;Argentina;1999-01-14;left;5307;parma;20.0;18.0;1680.0;5.94;5.92;66.23;D;0.0;1.0;0.05;2.0;0.44;0.02;0.19;0.01;1.0;5.0;0.0;0.0;0.0;0.0;0.0;0.0;0.0;-1;39.0;30.0;20.0;60.0;66.67;46.0;-1;56.82;-1.0;-1.0;56.39;71.13;72.16;-1.0;-1.0;-1.0;75.46;-1.0;-1.0;-1.0;-1.0;63.14;86.17;68.53;-1.0;52.07
558455;Elia;caprile;{'uuid': '1c949031-2bcb-434e-a9ea-8fec3fa80c23', 'name': 'cagliari'};Goalkeeper;False;False;['G'];P;Elia Caprile;Italy;2001-08-25;right;4360;cagliari;22.0;21.0;2095.0;6.14;5.41;-1.0;P;0.0;0.0;0.0;0.0;0.0;0.0;0.0;0.0;0.0;0.0;0.0;0.0;0.0;7.0;23.0;23.0;21.29;-1;39.0;37.0;22.0;56.76;59.46;57.0;-1;-1.0;-1.0;-1.0;-1.0;-1.0;-1.0;-1.0;-1.0;-1.0;-1.0;-1.0;-1.0;-1.0;-1.0;-1.0;-1.0;-1.0;-1.0;-1.0
558720;daniel;maldini;{'uuid': '313d7f52-5056-426e-9637-9aeae2c94d8d', 'name': 'atalanta'};Wing-Forward;False;False;['OM', 'F'];C;Daniel Maldini;Italy;2001-10-11;right;4896;atalanta;30.0;18.0;1704.0;5.91;6.43;82.92;C;0.0;6.0;0.32;6.0;5.96;0.31;1.37;0.07;0.0;5.0;0.0;0.0;0.0;0.0;0.0;0.0;0.0;-1;39.0;32.0;29.0;56.25;90.62;49.0;-1;60.19;-1.0;54.33;73.28;-1.0;53.0;-1.0;60.8;73.66;62.6;65.59;66.44;72.44;-1.0;-1.0;-1.0;72.18;74.5;70.74
561749;lorenzo;colombo;{'uuid': '8f9c4fc6-a3f1-4750-979a-7b10da38e12f', 'name': 'genoa'};Forward;False;False;['CF'];A;Lorenzo Colombo;Italy;2002-03-08;left;4923;genoa;37.0;26.0;2386.0;5.77;6.23;40.39;A;2.0;6.0;0.23;5.0;5.55;0.21;1.01;0.04;1.0;4.0;1.0;1.0;0.0;0.0;0.0;0.0;0.0;-1;39.0;37.0;37.0;70.27;100.0;68.0;-1;-1.0;-1.0;52.52;74.25;-1.0;50.52;-1.0;56.09;66.29;55.17;66.76;57.26;64.75;-1.0;-1.0;-1.0;59.39;53.69;70.72
562387;Lorenzo;lucca;{'uuid': '28ba208b-80fd-4a40-8014-bc82d2976fc3', 'name': 'napoli'};Forward;False;False;['CF'];A;Lorenzo Lucca;Italy;2000-09-10;right;6215;napoli;33.0;27.0;2524.0;5.96;6.93;64.62;A;1.0;12.0;0.43;16.0;8.03;0.29;1.13;0.04;0.0;10.0;1.0;1.0;0.0;0.0;0.0;0.0;0.0;-1;39.0;33.0;33.0;81.82;100.0;71.0;-1;55.92;-1.0;-1.0;84.99;-1.0;-1.0;-1.0;-1.0;78.03;-1.0;75.55;74.24;82.46;-1.0;-1.0;-1.0;47.11;-1.0;62.99
562846;Michel Ndary;adopo;{'uuid': '1c949031-2bcb-434e-a9ea-8fec3fa80c23', 'name': 'cagliari'};Midfielder;False;False;['DM', 'M'];C;Michel Ndary Adopo;France;2000-07-19;right;4870;cagliari;35.0;27.0;2564.0;5.83;5.86;29.18;C;1.0;1.0;0.04;1.0;1.63;0.06;1.4;0.05;1.0;4.0;0.0;0.0;0.0;0.0;0.0;0.0;0.0;-1;39.0;37.0;35.0;72.97;94.59;72.0;-1;55.13;-1.0;66.66;59.08;61.6;63.77;-1.0;52.9;-1.0;65.6;-1.0;-1.0;-1.0;-1.0;59.1;-1.0;67.8;-1.0;73.4
563315;nicola;zalewski;{'uuid': '313d7f52-5056-426e-9637-9aeae2c94d8d', 'name': 'atalanta'};Wide-Midfielder;False;False;['E', 'W'];C;Nicola Zalewski;Italy;2002-01-23;right;5422;inter;23.0;8.0;1078.0;6.06;6.19;43.16;C;2.0;1.0;0.08;1.0;1.05;0.09;2.67;0.22;0.0;4.0;0.0;0.0;0.0;0.0;0.0;0.0;0.0;-1;39.0;31.0;19.0;25.81;61.29;32.0;-1;88.29;54.85;55.87;72.16;52.46;58.35;93.96;87.33;55.14;76.12;65.71;-1.0;60.59;66.54;-1.0;-1.0;79.25;91.69;56.74
563316;Filip;marchwinski;{'uuid': '8fa5643a-841a-44a2-8126-637759f8911e', 'name': 'lecce'};Midfielder;True;False;['OM'];C;Filip  Marchwinski;Poland;2002-01-10;right;6645;lecce;1.0;0.0;17.0;5.46;5.46;73.79;C;0.0;0.0;0.0;0.0;0.0;0.0;0.0;0.0;0.0;0.0;0.0;0.0;0.0;0.0;0.0;0.0;0.0;-1;39.0;12.0;1.0;0.0;8.33;0.0;-1;-1.0;-1.0;-1.0;-1.0;-1.0;-1.0;-1.0;-1.0;-1.0;-1.0;-1.0;-1.0;-1.0;-1.0;-1.0;-1.0;-1.0;-1.0;-1.0
563610;ivan;smolcic i.;{'uuid': '3d3e3a11-950e-4170-a228-5bd0943e5716', 'name': 'como'};Wing-Back;False;False;['RB', 'CB'];D;Ivan Smolcic;Croatia;2000-08-17;right;7014;como;27.0;24.0;2392.0;5.97;6.04;45.77;D;2.0;1.0;0.04;2.0;1.55;0.06;2.48;0.09;0.0;6.0;0.0;0.0;0.0;0.0;0.0;0.0;0.0;-1;39.0;33.0;26.0;72.73;78.79;65.0;-1;49.4;50.66;68.65;54.35;53.97;58.89;60.05;53.76;-1.0;56.13;49.35;-1.0;-1.0;-1.0;55.58;76.04;53.14;-1.0;53.19
564143;Kristian;thorstvedt;{'uuid': '1cdca4b8-4eea-4a38-a776-63f5887d5762', 'name': 'sassuolo'};Attacking-Midfielder;True;False;['M', 'OM'];C;Kristian Thorstvedt;Norway;1999-03-13;left;5844;sassuolo;22.0;22.0;2062.0;6.44;7.37;79.33;C;2.0;7.0;0.31;7.0;5.72;0.25;2.62;0.11;0.0;5.0;1.0;1.0;0.0;0.0;0.0;0.0;0.0;-1;39.0;22.0;22.0;100.0;100.0;57.0;-1;47.08;-1.0;54.84;61.52;50.68;53.97;-1.0;50.87;56.26;57.81;53.65;51.96;52.73;-1.0;53.0;-1.0;60.98;41.24;75.67
566365;Laurs;Osterby Skjellerup;{'uuid': '1cdca4b8-4eea-4a38-a776-63f5887d5762', 'name': 'sassuolo'};Forward;True;False;['CF'];A;Laurs Osterby Skjellerup;Denmark;2002-08-12;right;7159;sassuolo;5.0;2.0;190.0;5.51;5.51;17.31;A;0.0;0.0;0.0;0.0;0.0;0.0;0.0;0.0;0.0;0.0;0.0;0.0;0.0;0.0;0.0;0.0;0.0;-1;39.0;7.0;4.0;28.57;57.14;6.0;-1;-1.0;-1.0;-1.0;-1.0;-1.0;-1.0;-1.0;-1.0;-1.0;-1.0;-1.0;-1.0;-1.0;-1.0;-1.0;-1.0;-1.0;-1.0;-1.0
566945;Jay;idzes;{'uuid': '1cdca4b8-4eea-4a38-a776-63f5887d5762', 'name': 'sassuolo'};Defender;False;False;['CB'];D;Jay Idzes;Netherlands;2000-06-02;right;6672;sassuolo;35.0;35.0;3379.0;5.82;5.83;51.41;D;0.0;1.0;0.03;2.0;1.66;0.04;0.59;0.02;0.0;5.0;0.0;0.0;0.0;0.0;0.0;0.0;0.0;-1;39.0;35.0;35.0;100.0;100.0;92.0;-1;-1.0;57.0;-1.0;56.91;79.39;68.09;-1.0;-1.0;-1.0;70.54;-1.0;-1.0;-1.0;-1.0;73.69;63.71;67.43;-1.0;64.6
567230;nicolo;rovella;{'uuid': 'f10c49fc-d0ce-4a7b-ba2d-f136e95e0fe0', 'name': 'lazio'};Midfielder;False;False;['DM', 'M'];C;Nicolo Rovella;Italy;2001-12-04;right;4459;lazio;33.0;31.0;2922.0;6.17;6.06;42.93;C;3.0;0.0;0.0;0.0;1.96;0.06;1.33;0.04;0.0;13.0;0.0;0.0;0.0;0.0;0.0;0.0;0.0;-1;39.0;35.0;33.0;88.57;94.29;81.0;-1;59.51;-1.0;79.46;56.17;83.55;85.66;-1.0;65.64;-1.0;88.66;52.14;-1.0;-1.0;-1.0;81.89;-1.0;88.99;-1.0;91.69
567463;marcus holmgren;pedersen;{'uuid': '8cbf8ec8-2e07-4946-9d90-58b0da6a9c14', 'name': 'torino'};Wide-Midfielder;False;False;['RB', 'E'];D;Marcus Holmgren Pedersen ;Norway;2000-07-16;right;6426;torino;29.0;15.0;1507.0;5.69;5.64;18.4;D;0.0;0.0;0.0;0.0;0.49;0.03;1.02;0.06;0.0;3.0;0.0;0.0;0.0;0.0;0.0;0.0;0.0;-1;39.0;37.0;25.0;40.54;67.57;43.0;-1;83.02;-1.0;-1.0;65.06;48.52;54.0;69.46;53.35;-1.0;58.35;64.58;-1.0;-1.0;-1.0;-1.0;-1.0;57.64;69.17;46.88
569579;daniel;oyegoke;{'uuid': 'e9e1d0da-2ab8-449c-8738-84666289eb1b', 'name': 'verona'};Wing-Back;False;False;['LA', 'RB', 'E'];D;Daniel Oyegoke;England;2003-01-03;right;6992;verona;24.0;14.0;1509.0;5.81;5.85;14.99;D;0.0;1.0;0.06;1.0;0.07;0.0;0.7;0.04;0.0;4.0;0.0;0.0;0.0;0.0;0.0;0.0;0.0;-1;39.0;38.0;20.0;36.84;52.63;42.0;-1;77.72;-1.0;46.87;47.95;51.68;59.33;46.26;46.14;-1.0;64.06;48.99;-1.0;-1.0;-1.0;53.95;63.25;64.0;60.65;45.12
569600;oliver;provstgaard;{'uuid': 'f10c49fc-d0ce-4a7b-ba2d-f136e95e0fe0', 'name': 'lazio'};Defender;False;False;['CB'];D;Oliver Provstgaard Nielsen;Denmark;2003-06-04;left;7012;lazio;18.0;16.0;1625.0;5.64;5.56;6.57;D;0.0;0.0;0.0;0.0;1.19;0.07;0.25;0.01;0.0;3.0;0.0;0.0;0.0;0.0;0.0;0.0;0.0;-1;39.0;31.0;18.0;51.61;58.06;43.0;-1;-1.0;51.29;59.67;44.08;62.88;77.61;-1.0;39.31;-1.0;70.23;-1.0;-1.0;-1.0;-1.0;60.95;57.91;68.96;-1.0;48.09
569946;Adam;obert;{'uuid': '1c949031-2bcb-434e-a9ea-8fec3fa80c23', 'name': 'cagliari'};Wing-Back;False;False;['LB', 'CB'];D;Adam Obert;Slovakia;2002-08-23;left;5701;cagliari;21.0;13.0;1174.0;5.85;5.95;69.75;D;1.0;1.0;0.08;1.0;1.61;0.12;0.31;0.02;0.0;4.0;0.0;0.0;0.0;0.0;0.0;0.0;0.0;-1;39.0;36.0;20.0;36.11;55.56;33.0;-1;66.18;-1.0;56.04;57.81;58.22;63.94;-1.0;57.42;-1.0;59.03;-1.0;-1.0;-1.0;-1.0;56.88;75.17;58.38;-1.0;52.36
569953;Tomas;suslov;{'uuid': 'e9e1d0da-2ab8-449c-8738-84666289eb1b', 'name': 'verona'};Attacking-Midfielder;True;False;['W', 'OM'];C;Tomas Suslov;Slovakia;2002-06-07;left;6486;verona;31.0;27.0;2174.0;5.75;5.65;30.05;C;1.0;0.0;0.0;0.0;1.74;0.07;2.06;0.09;1.0;6.0;0.0;0.0;0.0;0.0;0.0;0.0;0.0;-1;39.0;31.0;31.0;87.1;100.0;63.0;-1;63.92;-1.0;63.58;63.41;-1.0;55.19;-1.0;58.56;50.65;58.44;57.04;-1.0;49.84;-1.0;-1.0;-1.0;59.37;68.88;72.53
574907;El Bilal;Toure;{'uuid': '313d7f52-5056-426e-9637-9aeae2c94d8d', 'name': 'atalanta'};Forward;False;False;['CF'];A;El Bilal Toure;Côte d'Ivoire;2001-10-03;right;6229;atalanta;12.0;3.0;410.0;5.97;6.55;-1.0;A;1.0;2.0;0.44;2.0;1.59;0.35;0.57;0.13;0.0;0.0;0.0;0.0;0.0;0.0;0.0;0.0;0.0;-1;39.0;13.0;11.0;23.08;84.62;12.0;-1;-1.0;-1.0;-1.0;-1.0;-1.0;-1.0;-1.0;-1.0;-1.0;-1.0;-1.0;-1.0;-1.0;-1.0;-1.0;-1.0;-1.0;-1.0;-1.0
575364;Andre Sebastiao;luvumbo;{'uuid': '1c949031-2bcb-434e-a9ea-8fec3fa80c23', 'name': 'cagliari'};Forward;False;False;['F'];A;Andre Sebastiao Luvumbo Zito;Angola;2002-03-09;left;5297;cagliari;26.0;19.0;1726.0;5.83;6.1;34.28;A;2.0;2.0;0.1;2.0;2.44;0.13;2.11;0.11;0.0;2.0;0.0;0.0;0.0;0.0;0.0;0.0;0.0;-1;39.0;28.0;26.0;67.86;92.86;49.0;-1;78.07;-1.0;-1.0;82.02;-1.0;-1.0;61.09;59.7;52.59;58.5;84.93;-1.0;60.0;-1.0;-1.0;-1.0;58.58;86.99;73.51
579415;Thomas;kristensen t.;{'uuid': '10699c39-fa51-4968-8ee6-209df2113a8c', 'name': 'udinese'};Defender;False;False;['RB', 'CB'];D;Thomas Thiesson Kristensen;Denmark;2002-01-17;right;6485;udinese;24.0;19.0;1909.0;5.83;5.85;57.56;D;0.0;1.0;0.05;2.0;0.45;0.02;0.34;0.02;0.0;5.0;0.0;0.0;0.0;0.0;0.0;0.0;0.0;-1;39.0;27.0;23.0;70.37;85.19;52.0;-1;60.44;-1.0;66.18;56.44;67.17;73.98;-1.0;56.8;-1.0;72.37;54.14;-1.0;-1.0;-1.0;71.19;63.04;69.9;-1.0;60.13
579506;Daniel Fernando;mosquera;{'uuid': 'e9e1d0da-2ab8-449c-8738-84666289eb1b', 'name': 'verona'};Forward;False;False;['CF'];A;Daniel Fernando Mosquera Bonilla;Colombia;1999-10-20;right;6630;verona;35.0;12.0;1504.0;5.72;6.12;24.41;A;1.0;5.0;0.3;6.0;8.45;0.51;0.22;0.01;0.0;4.0;0.0;0.0;0.0;0.0;0.0;0.0;0.0;-1;39.0;37.0;33.0;32.43;89.19;44.0;-1;55.4;53.52;-1.0;80.33;-1.0;-1.0;-1.0;49.72;61.46;58.53;62.9;81.33;61.73;-1.0;-1.0;-1.0;60.09;61.79;63.59
582332;amin;sarr a.;{'uuid': 'e9e1d0da-2ab8-449c-8738-84666289eb1b', 'name': 'verona'};Forward;False;False;['F'];A;Amin Sarr;Sweden;2001-03-11;right;6159;verona;32.0;25.0;1987.0;5.72;6.11;25.24;A;1.0;4.0;0.18;4.0;3.49;0.16;1.17;0.05;0.0;1.0;0.0;0.0;0.0;0.0;0.0;0.0;0.0;-1;39.0;36.0;30.0;69.44;83.33;58.0;-1;-1.0;-1.0;-1.0;72.07;-1.0;52.8;-1.0;61.88;59.66;56.62;80.72;72.84;72.24;-1.0;-1.0;-1.0;58.86;59.7;71.17
582906;pierre kazeye rommel;kalulu;{'uuid': '8f4e639c-b52a-4ea8-9f2c-80c5172add56', 'name': 'juventus'};Defender;False;True;['RB', 'CB'];D;Pierre Kalulu Kyatengwa;France;2000-06-05;right;4976;juventus;29.0;25.0;2509.0;6.01;6.04;71.97;D;0.0;1.0;0.04;1.0;0.95;0.03;0.72;0.03;1.0;2.0;0.0;0.0;0.0;0.0;0.0;0.0;0.0;-1;39.0;31.0;29.0;80.65;93.55;69.0;-1;75.78;-1.0;63.71;57.01;94.29;91.01;-1.0;53.48;-1.0;97.34;-1.0;-1.0;-1.0;-1.0;95.33;81.52;97.09;-1.0;74.92
583847;Luca;Moro;{'uuid': '1cdca4b8-4eea-4a38-a776-63f5887d5762', 'name': 'sassuolo'};Forward;False;False;['CF'];A;Luca Moro;Italy;2001-01-25;right;7158;sassuolo;25.0;11.0;1149.0;5.95;6.79;11.76;A;1.0;7.0;0.55;6.0;2.24;0.18;0.12;0.01;0.0;2.0;2.0;2.0;0.0;0.0;0.0;0.0;0.0;-1;39.0;37.0;24.0;29.73;64.86;33.0;-1;-1.0;-1.0;-1.0;66.59;-1.0;-1.0;-1.0;-1.0;66.45;43.05;69.23;49.68;89.0;-1.0;-1.0;-1.0;40.91;-1.0;45.54
584107;Mattia;felici;{'uuid': '1c949031-2bcb-434e-a9ea-8fec3fa80c23', 'name': 'cagliari'};Wide-Midfielder;False;False;['W'];C;Mattia Felici;Italy;2001-04-17;right;6640;cagliari;19.0;9.0;983.0;5.74;5.82;32.73;C;2.0;0.0;0.0;0.0;0.7;0.06;0.94;0.09;0.0;1.0;0.0;0.0;0.0;0.0;0.0;0.0;0.0;-1;39.0;36.0;19.0;25.0;52.78;29.0;-1;-1.0;-1.0;-1.0;-1.0;-1.0;-1.0;-1.0;-1.0;-1.0;-1.0;-1.0;-1.0;-1.0;-1.0;-1.0;-1.0;-1.0;-1.0;-1.0
584547;Tomas Lago;esteves t.;{'uuid': 'c1a7a918-44f8-4da9-86b6-f8b95e8e261d', 'name': 'pisa'};;True;False;['RB', 'E'];D;Tomas Lago Pontes Esteves;;2002-04-03;;7142;pisa;-1.0;-1.0;-1.0;-1.0;-1.0;17.08;D;-1.0;-1.0;-1.0;-2.0;-1.0;-1.0;-1.0;-1.0;-1.0;-1.0;-1.0;-1.0;-1.0;-1.0;-1.0;-1.0;-1.0;-1;39.0;-1.0;-1.0;-1.0;-1.0;-1.0;-1;-1.0;-1.0;-1.0;-1.0;-1.0;-1.0;-1.0;-1.0;-1.0;-1.0;-1.0;-1.0;-1.0;-1.0;-1.0;-1.0;-1.0;-1.0;-1.0
585048;Lucas;beltran l.;{'uuid': '573f5fa3-5623-417c-9efc-f28b50bc7778', 'name': 'fiorentina'};Forward;False;False;['F'];A;Lucas Beltran;Argentina;2001-03-29;right;6409;fiorentina;33.0;21.0;2099.0;5.96;6.32;45.1;A;3.0;5.0;0.21;5.0;3.37;0.14;2.18;0.09;0.0;6.0;2.0;3.0;0.0;0.0;0.0;0.0;0.0;-1;39.0;37.0;32.0;56.76;86.49;60.0;-1;-1.0;-1.0;63.26;70.73;-1.0;55.47;-1.0;58.98;60.14;59.27;63.97;56.31;62.83;-1.0;-1.0;-1.0;62.78;-1.0;68.43
586796;Botond;balogh;{'uuid': '05e5b3ab-8801-47e6-9eef-f6edc799628c', 'name': 'parma'};Defender;False;True;['CB'];D;Botond Balogh;Hungary;2002-06-06;right;5353;parma;29.0;23.0;2224.0;5.88;5.83;35.2;D;1.0;0.0;0.0;0.0;0.2;0.01;0.05;0.0;0.0;5.0;0.0;0.0;0.0;0.0;0.0;0.0;0.0;-1;39.0;36.0;28.0;63.89;77.78;61.0;-1;-1.0;-1.0;-1.0;55.87;78.37;62.98;-1.0;-1.0;-1.0;68.19;-1.0;-1.0;-1.0;-1.0;74.62;56.54;58.34;-1.0;49.22
586880;Emil;holm;{'uuid': '7bbe67b4-c9f4-48a3-be6f-23aa61167ff2', 'name': 'bologna'};Wing-Back;True;False;['RB', 'E'];D;Emil Holm;Sweden;2000-05-13;right;5678;bologna;21.0;12.0;1237.0;6.01;6.13;86.21;D;1.0;1.0;0.07;1.0;0.64;0.05;0.66;0.05;0.0;3.0;0.0;0.0;0.0;0.0;0.0;0.0;0.0;-1;39.0;30.0;17.0;40.0;56.67;35.0;-1;70.95;72.11;62.33;62.16;57.68;65.58;87.9;54.74;-1.0;67.18;57.39;56.93;-1.0;-1.0;62.64;65.22;68.13;71.94;58.59
588819;kristjan;asllani;{'uuid': '8cbf8ec8-2e07-4946-9d90-58b0da6a9c14', 'name': 'torino'};Midfielder;False;False;['DM', 'M'];C;Kristjan Asllani;Albania;2002-03-09;right;5719;inter;22.0;10.0;1094.0;6.21;6.48;93.79;C;2.0;2.0;0.16;0.0;0.71;0.06;1.64;0.13;0.0;4.0;2.0;2.0;0.0;0.0;0.0;0.0;0.0;-1;39.0;36.0;18.0;27.78;50.0;31.0;-1;-1.0;-1.0;68.12;57.34;88.47;91.81;67.17;55.23;55.44;98.0;-1.0;-1.0;50.86;-1.0;81.35;-1.0;94.6;-1.0;79.53
590733;Matias;soulè;{'uuid': '1e324d46-77cf-49f1-8dd2-9a0e343741c2', 'name': 'roma'};Wide-Midfielder;False;False;['F'];A;Matias Soule Malvano;Argentina;2003-04-15;left;5734;roma;27.0;22.0;1886.0;6.27;6.96;78.02;A;5.0;5.0;0.24;4.0;3.05;0.15;4.61;0.22;0.0;3.0;0.0;0.0;0.0;0.0;0.0;0.0;0.0;-1;39.0;37.0;24.0;59.46;64.86;54.0;-1;70.21;-1.0;66.95;69.95;60.03;65.68;71.6;79.43;63.49;78.24;66.71;-1.0;68.6;59.04;62.33;-1.0;85.44;77.67;68.93
593014;Jordan;zemura;{'uuid': '10699c39-fa51-4968-8ee6-209df2113a8c', 'name': 'udinese'};Wide-Midfielder;False;False;['LB', 'E'];D;Jordan Zemura;England;1999-11-14;left;6211;udinese;23.0;13.0;1563.0;5.84;6.01;75.56;D;2.0;1.0;0.06;0.0;1.18;0.07;1.76;0.1;0.0;2.0;0.0;0.0;0.0;0.0;0.0;0.0;0.0;-1;39.0;34.0;22.0;38.24;64.71;43.0;-1;66.27;-1.0;58.78;62.51;55.88;58.8;74.31;60.78;-1.0;60.07;55.82;-1.0;-1.0;-1.0;59.57;-1.0;58.58;60.73;62.55
593106;Vitor Manuel Carvalho Oliveira;vitinha o.;{'uuid': '8f9c4fc6-a3f1-4750-979a-7b10da38e12f', 'name': 'genoa'};Forward;False;False;['CF'];A;Vitor Manuel Carvalho Oliveira;Portugal;2000-03-15;right;6164;genoa;25.0;16.0;1449.0;5.8;6.12;37.63;A;3.0;2.0;0.12;2.0;1.95;0.12;3.83;0.24;0.0;2.0;0.0;0.0;0.0;0.0;0.0;0.0;0.0;-1;39.0;26.0;23.0;61.54;88.46;41.0;-1;71.27;-1.0;-1.0;72.36;-1.0;50.5;66.48;67.61;45.7;58.05;62.1;68.7;62.13;-1.0;-1.0;-1.0;63.92;70.75;63.83
594931;francisco fernandes;conceicao;{'uuid': '8f4e639c-b52a-4ea8-9f2c-80c5172add56', 'name': 'juventus'};Wing-Forward;False;False;['W', 'F'];C;Francisco Fernandes da Conceicao;Portugal;2002-12-14;left;6884;juventus;26.0;12.0;1442.0;6.12;6.47;74.94;C;3.0;3.0;0.19;3.0;3.06;0.19;5.13;0.32;1.0;4.0;0.0;0.0;0.0;0.0;0.0;0.0;0.0;-1;39.0;28.0;26.0;42.86;92.86;41.0;-1;64.99;59.77;54.64;89.21;-1.0;57.51;77.49;67.95;65.81;73.27;88.48;-1.0;64.01;84.46;-1.0;-1.0;80.84;90.01;59.32
595120;luis;luis henrique;{'uuid': 'fb3aee60-b9c5-4842-b8c0-f338743a5532', 'name': 'inter'};Wide-Midfielder;False;False;['E', 'W'];C;Luis Henrique Tomaz de Lima;Brazil;2001-12-14;right;5301;inter;33.0;29.0;2845.0;6.21;7.06;92.26;C;7.0;7.0;0.22;8.0;3.58;0.11;3.55;0.11;0.0;0.0;0.0;0.0;0.0;0.0;0.0;0.0;0.0;-1;39.0;34.0;33.0;85.29;97.06;79.0;-1;69.19;-1.0;65.85;65.45;54.86;64.5;66.6;72.55;67.23;77.6;66.23;-1.0;83.41;61.44;62.65;-1.0;75.21;63.81;57.36
595402;Gabriele;piccinini g.;{'uuid': 'c1a7a918-44f8-4da9-86b6-f8b95e8e261d', 'name': 'pisa'};Midfielder;False;False;['E', 'DM'];C;Gabriele Piccinini ;Italy;2001-04-06;right;7145;pisa;38.0;25.0;2512.0;6.11;6.48;36.19;C;3.0;4.0;0.14;7.0;7.63;0.27;2.19;0.08;0.0;2.0;0.0;0.0;0.0;0.0;0.0;0.0;0.0;-1;39.0;38.0;36.0;65.79;94.74;72.0;-1;39.34;-1.0;-1.0;56.47;46.27;52.53;-1.0;43.3;39.88;49.96;48.83;44.54;44.97;-1.0;48.43;-1.0;50.78;-1.0;56.49
599717;Manu;konè m.;{'uuid': '1e324d46-77cf-49f1-8dd2-9a0e343741c2', 'name': 'roma'};Midfielder;False;False;['DM', 'M'];C;Kouadio Manu Kone;France;2001-05-17;right;5589;roma;34.0;31.0;2755.0;6.12;6.24;60.72;C;1.0;2.0;0.07;2.0;3.41;0.11;0.77;0.03;0.0;6.0;0.0;0.0;0.0;0.0;0.0;0.0;0.0;-1;39.0;35.0;33.0;88.57;94.29;76.0;-1;65.79;52.72;61.67;62.16;79.21;70.22;-1.0;53.02;51.18;80.03;56.66;-1.0;55.69;-1.0;81.28;-1.0;82.72;63.64;81.97
600226;Francesco ;Folino;{'uuid': '15cfc725-f2e8-4d2a-8fd7-17c9e164430d', 'name': 'cremonese'};Defender;False;False;['CB'];D;Francesco  Folino;Italy;2002-01-23;right;7130;cremonese;27.0;22.0;2299.0;6.03;6.2;31.51;D;0.0;3.0;0.12;5.0;1.66;0.06;0.92;0.04;1.0;7.0;0.0;0.0;0.0;0.0;0.0;0.0;0.0;-1;39.0;37.0;26.0;59.46;70.27;62.0;-1;39.8;-1.0;45.63;42.45;56.08;59.27;-1.0;-1.0;-1.0;53.19;38.96;-1.0;-1.0;-1.0;55.61;52.03;49.59;-1.0;45.22
600910;Yeferson;paz y.;{'uuid': '1cdca4b8-4eea-4a38-a776-63f5887d5762', 'name': 'sassuolo'};Wing-Back;False;False;['RB', 'E'];D;Yeferson Paz Blandon;Colombia;2002-06-13;right;6431;sassuolo;13.0;6.0;479.0;5.86;5.71;48.64;D;0.0;0.0;0.0;0.0;0.19;0.04;0.13;0.02;0.0;4.0;0.0;0.0;0.0;0.0;0.0;0.0;0.0;-1;39.0;35.0;8.0;17.14;22.86;14.0;-1;-1.0;-1.0;-1.0;-1.0;-1.0;-1.0;-1.0;-1.0;-1.0;-1.0;-1.0;-1.0;-1.0;-1.0;-1.0;-1.0;-1.0;-1.0;-1.0
601307;matteo;cancellieri;{'uuid': 'f10c49fc-d0ce-4a7b-ba2d-f136e95e0fe0', 'name': 'lazio'};Wing-Forward;False;False;['W', 'F'];A;Matteo Cancellieri;Italy;2002-02-12;left;5500;lazio;28.0;19.0;1531.0;5.69;5.94;19.96;A;0.0;3.0;0.18;3.0;2.82;0.17;0.77;0.05;1.0;2.0;0.0;0.0;0.0;0.0;0.0;0.0;0.0;-1;39.0;30.0;25.0;63.33;83.33;44.0;-1;66.36;-1.0;54.87;70.76;-1.0;49.8;-1.0;49.91;56.7;55.54;68.81;63.45;67.72;-1.0;-1.0;-1.0;58.4;63.94;61.9
602074;Odilon;kossounou;{'uuid': '313d7f52-5056-426e-9637-9aeae2c94d8d', 'name': 'atalanta'};Defender;False;False;['RB', 'CB'];D;Odilon Kossounou;Côte d'Ivoire;2001-01-04;right;5578;atalanta;18.0;12.0;1227.0;6.09;6.06;81.27;D;0.0;0.0;0.0;0.0;0.37;0.03;0.02;0.0;0.0;1.0;0.0;0.0;0.0;0.0;0.0;0.0;0.0;-1;39.0;21.0;17.0;57.14;80.95;34.0;-1;-1.0;57.49;63.94;59.92;78.17;70.16;-1.0;-1.0;-1.0;77.87;55.0;-1.0;-1.0;-1.0;79.36;92.6;75.14;-1.0;63.47
602990;Filippo;rinaldi;{'uuid': '05e5b3ab-8801-47e6-9eef-f6edc799628c', 'name': 'parma'};Goalkeeper;False;False;['G'];P;Filippo Rinaldi;Italy;2002-12-04;right;5338;parma;31.0;31.0;3001.0;6.26;5.84;-1.0;P;0.0;0.0;0.0;0.0;0.0;0.0;0.0;0.0;0.0;2.0;0.0;0.0;0.0;14.0;26.0;26.0;26.51;-1;39.0;33.0;31.0;93.94;93.94;82.0;-1;-1.0;-1.0;-1.0;-1.0;-1.0;-1.0;-1.0;-1.0;-1.0;-1.0;-1.0;-1.0;-1.0;-1.0;-1.0;-1.0;-1.0;-1.0;-1.0
604866;devyne;rensch;{'uuid': '1e324d46-77cf-49f1-8dd2-9a0e343741c2', 'name': 'roma'};Wing-Back;False;False;['LA', 'RB', 'E'];D;Devyne Rensch;Netherlands;2003-01-18;right;6986;roma;28.0;18.0;1716.0;6.09;6.2;70.55;D;1.0;1.0;0.05;1.0;1.18;0.06;2.53;0.13;0.0;2.0;0.0;0.0;0.0;0.0;0.0;0.0;0.0;-1;39.0;32.0;24.0;56.25;75.0;48.0;-1;59.94;-1.0;62.87;60.37;66.91;66.43;53.69;50.34;-1.0;71.55;59.62;-1.0;-1.0;-1.0;73.23;65.37;61.7;-1.0;51.61
606504;Alexandru Gabriel;Borbei;{'uuid': '8fa5643a-841a-44a2-8126-637759f8911e', 'name': 'lecce'};;False;False;['CB'];D;Alexandru Gabriel Borbei;;2003-06-27;;6989;lecce;-1.0;-1.0;-1.0;-1.0;-1.0;-1.0;D;-1.0;-1.0;-1.0;-2.0;-1.0;-1.0;-1.0;-1.0;-1.0;-1.0;-1.0;-1.0;-1.0;-1.0;-1.0;-1.0;-1.0;-1;39.0;-1.0;-1.0;-1.0;-1.0;-1.0;-1;-1.0;-1.0;-1.0;-1.0;-1.0;-1.0;-1.0;-1.0;-1.0;-1.0;-1.0;-1.0;-1.0;-1.0;-1.0;-1.0;-1.0;-1.0;-1.0
607268;jacob;ondrejka;{'uuid': '05e5b3ab-8801-47e6-9eef-f6edc799628c', 'name': 'parma'};Wing-Forward;True;False;['W', 'F'];C;Jacob Ondrejka;Sweden;2002-09-02;right;6984;parma;34.0;20.0;2112.0;6.18;7.21;86.59;C;3.0;12.0;0.51;12.0;6.41;0.27;5.21;0.22;0.0;2.0;0.0;1.0;0.0;0.0;0.0;0.0;0.0;-1;39.0;39.0;31.0;51.28;79.49;60.0;-1;61.81;50.31;49.17;71.07;-1.0;47.3;45.54;68.98;68.74;50.05;67.99;-1.0;87.87;54.76;-1.0;-1.0;52.07;51.21;59.72
607713;Santiago;pierotti;{'uuid': '8fa5643a-841a-44a2-8126-637759f8911e', 'name': 'lecce'};Wing-Forward;False;True;['W', 'F'];C;Santiago Daniel Pierotti;Argentina;2001-04-03;right;6549;lecce;36.0;22.0;2099.0;5.77;6.03;56.94;C;1.0;4.0;0.17;5.0;3.68;0.16;1.97;0.08;1.0;5.0;0.0;0.0;0.0;0.0;0.0;0.0;0.0;-1;39.0;37.0;35.0;59.46;94.59;60.0;-1;63.08;-1.0;-1.0;71.88;-1.0;52.21;-1.0;59.9;50.6;57.59;67.68;72.1;67.85;58.22;-1.0;-1.0;56.68;57.88;57.36
609117;fabio;miretti;{'uuid': '8f4e639c-b52a-4ea8-9f2c-80c5172add56', 'name': 'juventus'};Wing-Forward;True;False;['M', 'OM'];C;Fabio Miretti;Italy;2003-08-03;right;5813;juventus;25.0;22.0;1746.0;5.93;6.33;63.79;C;2.0;3.0;0.15;3.0;3.21;0.17;2.35;0.12;0.0;2.0;0.0;0.0;0.0;0.0;0.0;0.0;0.0;-1;39.0;27.0;25.0;81.48;92.59;51.0;-1;62.86;-1.0;57.02;75.34;50.23;58.45;-1.0;58.55;52.14;65.26;71.49;-1.0;64.92;-1.0;54.26;-1.0;74.46;65.73;84.22
610645;Balthazar;pierret;{'uuid': '8fa5643a-841a-44a2-8126-637759f8911e', 'name': 'lecce'};Midfielder;False;False;['DM', 'M'];C;Balthazar Pierret;France;2000-05-15;left;6633;lecce;30.0;21.0;1847.0;5.68;5.65;13.35;C;0.0;0.0;0.0;0.0;0.18;0.01;0.14;0.01;0.0;2.0;0.0;0.0;0.0;0.0;0.0;0.0;0.0;-1;39.0;32.0;30.0;65.62;93.75;53.0;-1;-1.0;-1.0;59.16;56.07;68.36;64.87;-1.0;-1.0;-1.0;71.09;-1.0;66.74;-1.0;-1.0;72.06;-1.0;68.47;-1.0;64.14
611320;Abdoulaye;ndiaye;{'uuid': '05e5b3ab-8801-47e6-9eef-f6edc799628c', 'name': 'parma'};Defender;False;False;['CB'];D;Abdoulaye Niakhate N'Diaye;Senegal;2002-04-10;left;7202;parma;22.0;19.0;1899.0;6.0;6.0;32.63;D;0.0;1.0;0.05;1.0;0.61;0.03;0.0;0.0;1.0;4.0;0.0;0.0;0.0;0.0;0.0;0.0;0.0;-1;39.0;28.0;22.0;67.86;78.57;51.0;-1;55.03;56.23;-1.0;55.71;80.88;75.61;-1.0;-1.0;-1.0;73.6;-1.0;-1.0;-1.0;-1.0;81.77;57.75;68.71;-1.0;52.82
613296;cesare;casadei;{'uuid': '8cbf8ec8-2e07-4946-9d90-58b0da6a9c14', 'name': 'torino'};Midfielder;False;False;['M', 'OM'];C;Cesare Casadei;Italy;2003-01-10;right;5888;torino;15.0;13.0;1077.0;5.77;6.0;37.46;C;1.0;1.0;0.08;1.0;1.81;0.15;0.31;0.03;0.0;1.0;0.0;0.0;0.0;0.0;0.0;0.0;0.0;-1;39.0;19.0;15.0;68.42;78.95;31.0;-1;-1.0;-1.0;58.73;65.63;61.34;60.35;-1.0;51.16;70.54;66.82;56.06;92.46;55.02;-1.0;56.3;-1.0;70.52;-1.0;64.97
615121;Juan David;cabal;{'uuid': '8f4e639c-b52a-4ea8-9f2c-80c5172add56', 'name': 'juventus'};Wing-Back;True;False;['LA', 'LB', 'E'];D;Juan David Cabal Murillo;Colombia;2001-01-08;left;6039;juventus;7.0;6.0;492.0;5.93;5.93;44.58;D;0.0;0.0;0.0;0.0;0.09;0.02;0.0;0.0;0.0;0.0;0.0;0.0;0.0;0.0;0.0;0.0;0.0;-1;39.0;12.0;6.0;50.0;50.0;14.0;-1;-1.0;-1.0;-1.0;-1.0;-1.0;-1.0;-1.0;-1.0;-1.0;-1.0;-1.0;-1.0;-1.0;-1.0;-1.0;-1.0;-1.0;-1.0;-1.0
615663;Jonas;rouhi;{'uuid': '8f4e639c-b52a-4ea8-9f2c-80c5172add56', 'name': 'juventus'};Wing-Back;False;False;['LB', 'E'];D;Jonas Jakob Rouhi;Sweden;2004-01-07;left;6803;juventus;7.0;3.0;393.0;5.75;5.75;28.67;D;0.0;0.0;0.0;0.0;0.0;0.0;0.11;0.03;0.0;0.0;0.0;0.0;0.0;0.0;0.0;0.0;0.0;-1;39.0;35.0;7.0;8.57;20.0;11.0;-1;-1.0;-1.0;-1.0;-1.0;-1.0;-1.0;-1.0;-1.0;-1.0;-1.0;-1.0;-1.0;-1.0;-1.0;-1.0;-1.0;-1.0;-1.0;-1.0
616591;Evan;Ferguson;{'uuid': '1e324d46-77cf-49f1-8dd2-9a0e343741c2', 'name': 'roma'};Forward;False;False;['CF'];A;Evan Ferguson;Ireland Republic;2004-10-19;right;6365;roma;20.0;3.0;518.0;5.67;5.81;34.95;A;0.0;1.0;0.17;1.0;1.58;0.27;1.01;0.18;0.0;0.0;0.0;0.0;0.0;0.0;0.0;0.0;0.0;-1;39.0;27.0;15.0;11.11;55.56;15.0;-1;-1.0;-1.0;-1.0;-1.0;-1.0;-1.0;-1.0;-1.0;-1.0;-1.0;-1.0;-1.0;-1.0;-1.0;-1.0;-1.0;-1.0;-1.0;-1.0
617621;Martin;Vitik;{'uuid': '7bbe67b4-c9f4-48a3-be6f-23aa61167ff2', 'name': 'bologna'};Defender;False;False;['CB'];D;Martin Vitik;Czech Republic;2003-01-21;right;7068;bologna;25.0;24.0;2365.0;6.05;6.34;65.05;D;0.0;4.0;0.15;5.0;4.44;0.17;0.12;0.0;1.0;7.0;0.0;0.0;0.0;0.0;0.0;0.0;0.0;-1;39.0;27.0;25.0;88.89;92.59;64.0;-1;50.95;66.46;58.69;51.66;59.15;68.15;-1.0;-1.0;-1.0;61.95;42.46;53.59;-1.0;-1.0;63.11;61.14;59.88;-1.0;51.76
618688;danilo;veiga d.;{'uuid': '8fa5643a-841a-44a2-8126-637759f8911e', 'name': 'lecce'};Wide-Midfielder;False;False;['RB', 'E'];D;Danilo Filipe De Melo Veiga;Portugal;2002-09-25;right;6990;lecce;27.0;15.0;1738.0;5.77;5.73;14.63;D;2.0;0.0;0.0;0.0;1.39;0.07;2.1;0.11;1.0;4.0;0.0;0.0;0.0;0.0;0.0;0.0;0.0;-1;39.0;32.0;24.0;46.88;75.0;48.0;-1;63.21;-1.0;-1.0;54.58;47.93;50.43;70.88;47.81;-1.0;49.19;55.22;55.46;-1.0;-1.0;42.94;-1.0;49.29;50.98;47.44
618765;Daniel;denoon;{'uuid': 'c1a7a918-44f8-4da9-86b6-f8b95e8e261d', 'name': 'pisa'};Defender;False;False;['CB'];D;Daniel Denoon;Switzerland;2004-01-28;right;7196;pisa;13.0;10.0;721.0;5.7;5.43;-1.0;D;0.0;0.0;0.0;0.0;0.22;0.03;0.12;0.01;1.0;5.0;0.0;0.0;0.0;0.0;0.0;0.0;0.0;-1;39.0;19.0;13.0;52.63;68.42;21.0;-1;48.43;-1.0;-1.0;46.37;63.59;66.82;-1.0;44.69;-1.0;64.15;-1.0;51.57;-1.0;-1.0;76.09;54.12;62.44;51.69;50.8
619010;Tommaso;barbieri;{'uuid': '15cfc725-f2e8-4d2a-8fd7-17c9e164430d', 'name': 'cremonese'};Wide-Midfielder;False;True;['RB', 'LB', 'E'];D;Tommaso Barbieri;Italy;2002-08-26;right;6013;cremonese;35.0;24.0;2250.0;6.1;6.36;61.86;D;5.0;3.0;0.12;3.0;2.31;0.09;3.62;0.14;0.0;10.0;0.0;0.0;0.0;0.0;0.0;0.0;0.0;-1;39.0;39.0;34.0;61.54;87.18;64.0;-1;58.28;-1.0;38.91;52.58;40.83;47.71;70.9;51.62;-1.0;47.3;49.68;49.73;-1.0;39.18;47.49;-1.0;47.79;51.27;43.39
619379;Cas;Odenthal;{'uuid': '1cdca4b8-4eea-4a38-a776-63f5887d5762', 'name': 'sassuolo'};Defender;False;False;['CB'];D;Cas Odenthal;Netherlands;2000-09-26;right;7154;sassuolo;22.0;18.0;1836.0;6.12;6.23;59.21;D;1.0;1.0;0.05;1.0;1.41;0.07;0.09;0.0;0.0;3.0;0.0;0.0;0.0;0.0;0.0;0.0;0.0;-1;39.0;35.0;20.0;51.43;57.14;50.0;-1;-1.0;-1.0;49.39;40.67;68.9;60.62;-1.0;45.27;-1.0;58.27;-1.0;-1.0;-1.0;-1.0;69.92;43.1;52.51;-1.0;41.99
619434;Alessandro;arena;{'uuid': 'c1a7a918-44f8-4da9-86b6-f8b95e8e261d', 'name': 'pisa'};Attacking-Midfielder;False;False;['W', 'OM'];C;Alessandro Arena;Italy;2000-08-03;left;7151;pisa;21.0;8.0;842.0;6.02;6.35;40.08;C;1.0;2.0;0.21;1.0;1.86;0.2;1.4;0.15;0.0;0.0;1.0;1.0;0.0;0.0;0.0;0.0;0.0;-1;39.0;38.0;19.0;21.05;50.0;24.0;-1;-1.0;-1.0;-1.0;-1.0;-1.0;-1.0;-1.0;-1.0;-1.0;-1.0;-1.0;-1.0;-1.0;-1.0;-1.0;-1.0;-1.0;-1.0;-1.0
619923;sebastian;otoa;{'uuid': '8f9c4fc6-a3f1-4750-979a-7b10da38e12f', 'name': 'genoa'};Defender;True;False;['CB'];D;Sebastian Otoa;Denmark;2004-05-13;right;6977;genoa;13.0;12.0;970.0;5.78;5.66;4.7;D;0.0;0.0;0.0;0.0;0.34;0.03;0.03;0.0;1.0;1.0;0.0;0.0;0.0;0.0;0.0;0.0;0.0;-1;39.0;22.0;13.0;54.55;59.09;27.0;-1;-1.0;-1.0;-1.0;-1.0;-1.0;-1.0;-1.0;-1.0;-1.0;-1.0;-1.0;-1.0;-1.0;-1.0;-1.0;-1.0;-1.0;-1.0;-1.0
624184;Filippo;missori;{'uuid': '1cdca4b8-4eea-4a38-a776-63f5887d5762', 'name': 'sassuolo'};Wing-Back;False;False;['RB', 'E'];D;Filippo Missori;Italy;2004-03-24;right;6189;sassuolo;4.0;1.0;177.0;5.51;5.51;-1.0;D;0.0;0.0;0.0;0.0;0.0;0.0;0.0;0.0;0.0;0.0;0.0;0.0;0.0;0.0;0.0;0.0;0.0;-1;39.0;15.0;4.0;6.67;26.67;5.0;-1;-1.0;-1.0;-1.0;-1.0;-1.0;-1.0;-1.0;-1.0;-1.0;-1.0;-1.0;-1.0;-1.0;-1.0;-1.0;-1.0;-1.0;-1.0;-1.0
624188;Niccolo;pisilli;{'uuid': '1e324d46-77cf-49f1-8dd2-9a0e343741c2', 'name': 'roma'};Midfielder;False;False;['M'];C;Niccolo Pisilli;Italy;2004-09-23;right;6190;roma;28.0;11.0;1359.0;5.93;6.02;34.83;C;0.0;2.0;0.13;3.0;2.33;0.15;0.56;0.04;0.0;7.0;0.0;0.0;0.0;0.0;0.0;0.0;0.0;-1;39.0;37.0;26.0;29.73;70.27;39.0;-1;58.11;54.52;65.48;65.21;62.01;67.01;-1.0;55.3;50.7;72.85;54.88;-1.0;60.98;-1.0;59.96;-1.0;72.8;-1.0;59.84
624360;Alessandro;bianco;{'uuid': '573f5fa3-5623-417c-9efc-f28b50bc7778', 'name': 'fiorentina'};Midfielder;False;False;['DM', 'M'];C;Alessandro  Bianco;Italy;2002-10-01;right;5516;fiorentina;35.0;29.0;2786.0;5.74;5.7;10.03;C;0.0;1.0;0.03;1.0;1.45;0.05;0.91;0.03;0.0;9.0;0.0;0.0;0.0;0.0;0.0;0.0;0.0;-1;39.0;37.0;35.0;78.38;94.59;78.0;-1;64.23;59.66;59.23;56.57;72.16;74.97;-1.0;56.62;-1.0;82.76;53.38;-1.0;-1.0;-1.0;64.39;-1.0;84.6;58.18;81.43
625388;luca;marianucci;{'uuid': '28ba208b-80fd-4a40-8014-bc82d2976fc3', 'name': 'napoli'};Defender;False;False;['CB'];D;Luca Marianucci;Italy;2004-07-23;right;6809;napoli;18.0;12.0;1163.0;5.74;5.68;5.89;D;0.0;0.0;0.0;0.0;0.89;0.07;0.05;0.0;1.0;0.0;0.0;0.0;0.0;0.0;0.0;0.0;0.0;-1;39.0;35.0;15.0;34.29;42.86;32.0;-1;-1.0;-1.0;55.95;55.62;68.14;59.88;-1.0;-1.0;-1.0;59.15;-1.0;-1.0;-1.0;-1.0;65.56;52.04;56.7;-1.0;55.47
625456;Mihajlo;Ilic;{'uuid': '7bbe67b4-c9f4-48a3-be6f-23aa61167ff2', 'name': 'bologna'};Defender;False;False;['CB'];D;Mihajlo Ilic;Serbia;2003-06-04;right;6551;bologna;29.0;28.0;2688.0;6.18;6.32;60.15;D;0.0;3.0;0.1;4.0;2.41;0.08;0.02;0.0;0.0;10.0;0.0;0.0;0.0;0.0;0.0;0.0;0.0;-1;39.0;32.0;29.0;87.5;90.62;73.0;-1;49.77;-1.0;58.67;46.89;70.67;76.2;-1.0;-1.0;-1.0;74.14;-1.0;-1.0;-1.0;-1.0;68.91;51.27;71.68;-1.0;52.35
625471;Nicolo;savona;{'uuid': '8f4e639c-b52a-4ea8-9f2c-80c5172add56', 'name': 'juventus'};Wing-Back;True;False;['LA', 'RB', 'E'];D;Nicolo Savona;Italy;2003-03-19;right;6802;juventus;28.0;19.0;1851.0;6.0;6.16;61.57;D;1.0;2.0;0.1;3.0;0.65;0.03;1.09;0.05;0.0;5.0;0.0;0.0;0.0;0.0;0.0;0.0;0.0;-1;39.0;33.0;27.0;57.58;81.82;52.0;-1;62.34;57.63;-1.0;58.09;78.15;68.9;62.72;54.88;-1.0;83.93;54.72;-1.0;-1.0;-1.0;80.84;77.69;77.2;-1.0;52.0
626024;Lapo;nava;{'uuid': '15cfc725-f2e8-4d2a-8fd7-17c9e164430d', 'name': 'cremonese'};Goalkeeper;False;False;['G'];P;Lapo Nava;Italy;2004-01-22;right;6505;cremonese;20.0;20.0;1943.0;6.18;5.23;-1.0;P;0.0;0.0;0.0;0.0;0.0;0.0;0.05;0.0;0.0;2.0;0.0;0.0;2.0;4.0;28.0;28.0;24.29;-1;39.0;38.0;20.0;52.63;52.63;53.0;-1;-1.0;-1.0;-1.0;-1.0;-1.0;-1.0;-1.0;-1.0;-1.0;-1.0;-1.0;-1.0;-1.0;-1.0;-1.0;-1.0;-1.0;-1.0;-1.0
626128;alex;valle;{'uuid': '3d3e3a11-950e-4170-a228-5bd0943e5716', 'name': 'como'};Wing-Back;False;False;['LB', 'E'];D;Alex Valle Gomez;Spain;2004-04-25;left;6867;como;26.0;19.0;1820.0;5.98;6.04;40.62;D;3.0;0.0;0.0;0.0;0.7;0.03;1.81;0.09;0.0;3.0;0.0;0.0;0.0;0.0;0.0;0.0;0.0;-1;39.0;38.0;25.0;50.0;65.79;51.0;-1;62.21;56.91;70.38;58.22;68.18;79.61;64.16;59.41;-1.0;83.29;56.03;-1.0;-1.0;-1.0;76.12;64.69;81.99;55.76;63.15
626253;martinez;paz n.;{'uuid': '3d3e3a11-950e-4170-a228-5bd0943e5716', 'name': 'como'};Attacking-Midfielder;False;False;['OM', 'F'];C;Nicolas Paz Martinez;Spain;2004-09-08;left;6875;como;35.0;30.0;2887.0;6.2;6.69;87.25;C;5.0;6.0;0.19;6.0;7.81;0.24;3.96;0.12;0.0;6.0;0.0;1.0;0.0;0.0;0.0;0.0;0.0;-1;39.0;36.0;34.0;83.33;94.44;80.0;-1;63.5;-1.0;78.8;68.43;59.29;62.7;-1.0;79.43;77.65;72.69;59.09;64.66;61.74;-1.0;62.23;-1.0;79.04;60.6;90.77
626340;Edoardo;pieragnolo;{'uuid': '1cdca4b8-4eea-4a38-a776-63f5887d5762', 'name': 'sassuolo'};Wing-Back;False;False;['LB', 'E'];D;Edoardo Pieragnolo;Italy;2003-01-03;left;7156;sassuolo;20.0;13.0;1269.0;5.94;5.92;31.38;D;1.0;0.0;0.0;0.0;0.22;0.02;1.84;0.13;0.0;3.0;0.0;0.0;0.0;0.0;0.0;0.0;0.0;-1;39.0;36.0;19.0;36.11;52.78;37.0;-1;53.88;-1.0;55.36;42.45;47.93;51.51;53.92;49.59;-1.0;57.13;44.92;-1.0;-1.0;-1.0;50.52;34.46;52.32;-1.0;40.58
626726;Luca;lipani;{'uuid': '1cdca4b8-4eea-4a38-a776-63f5887d5762', 'name': 'sassuolo'};Mezzala;False;False;['DM', 'M'];C;Luca Lipani;Italy;2005-05-18;right;6246;sassuolo;22.0;6.0;812.0;5.89;6.05;8.68;C;1.0;1.0;0.11;1.0;1.12;0.12;0.12;0.01;0.0;1.0;0.0;0.0;0.0;0.0;0.0;0.0;0.0;-1;39.0;36.0;18.0;16.67;50.0;23.0;-1;-1.0;-1.0;-1.0;-1.0;-1.0;-1.0;-1.0;-1.0;-1.0;-1.0;-1.0;-1.0;-1.0;-1.0;-1.0;-1.0;-1.0;-1.0;-1.0
626732;Francesco;Coppola;{'uuid': 'c1a7a918-44f8-4da9-86b6-f8b95e8e261d', 'name': 'pisa'};Defender;False;False;['CB'];D;Francesco Coppola;Italy;2005-04-11;right;7140;pisa;29.0;29.0;2654.0;6.09;6.12;4.73;D;0.0;3.0;0.1;3.0;2.97;0.1;0.11;0.0;2.0;8.0;0.0;0.0;0.0;0.0;0.0;0.0;0.0;-1;39.0;32.0;29.0;90.62;90.62;72.0;-1;32.66;-1.0;30.69;34.67;40.39;37.24;-1.0;-1.0;-1.0;35.31;30.21;-1.0;-1.0;-1.0;37.41;34.37;34.2;-1.0;39.3
627546;Daniele;ghilardi;{'uuid': '1e324d46-77cf-49f1-8dd2-9a0e343741c2', 'name': 'roma'};Defender;False;False;['CB'];D;Daniele Ghilardi;Italy;2003-01-06;right;6631;roma;24.0;21.0;2167.0;5.91;5.72;24.67;D;0.0;0.0;0.0;0.0;0.78;0.03;0.18;0.01;1.0;7.0;0.0;0.0;0.0;0.0;0.0;0.0;0.0;-1;39.0;35.0;24.0;60.0;68.57;60.0;-1;61.03;54.09;60.12;57.34;67.29;63.91;-1.0;-1.0;-1.0;60.54;-1.0;-1.0;-1.0;-1.0;65.46;86.62;55.52;-1.0;52.2
627930;Mathias Johan;lovik;{'uuid': '05e5b3ab-8801-47e6-9eef-f6edc799628c', 'name': 'parma'};Wing-Back;False;False;['LB', 'E'];D;Mathias Johan Fjortoft Lovik;Norway;2003-12-06;left;6965;parma;6.0;0.0;130.0;5.59;5.59;81.71;D;0.0;0.0;0.0;0.0;0.0;0.0;0.0;0.0;0.0;0.0;0.0;0.0;0.0;0.0;0.0;0.0;0.0;-1;39.0;19.0;5.0;0.0;26.32;4.0;-1;-1.0;-1.0;-1.0;-1.0;-1.0;-1.0;-1.0;-1.0;-1.0;-1.0;-1.0;-1.0;-1.0;-1.0;-1.0;-1.0;-1.0;-1.0;-1.0
630503;Mattia;viti;{'uuid': '573f5fa3-5623-417c-9efc-f28b50bc7778', 'name': 'fiorentina'};Defender;False;False;['CB'];D;Mattia Viti;Italy;2002-01-24;left;5718;fiorentina;30.0;30.0;2761.0;5.96;6.01;63.73;D;0.0;1.0;0.03;2.0;0.61;0.02;0.03;0.0;0.0;3.0;0.0;0.0;0.0;0.0;0.0;0.0;0.0;-1;39.0;30.0;30.0;100.0;100.0;75.0;-1;55.93;61.49;57.34;55.94;68.5;63.3;-1.0;-1.0;-1.0;61.42;-1.0;-1.0;-1.0;-1.0;61.11;59.5;59.39;-1.0;54.44
630686;tommaso;baldanzi;{'uuid': '1e324d46-77cf-49f1-8dd2-9a0e343741c2', 'name': 'roma'};Attacking-Midfielder;False;False;['OM', 'F'];C;Tommaso Baldanzi;Italy;2003-03-23;left;5823;roma;31.0;5.0;965.0;5.88;5.98;33.07;C;1.0;1.0;0.09;1.0;1.27;0.12;0.72;0.07;0.0;2.0;0.0;0.0;0.0;0.0;0.0;0.0;0.0;-1;39.0;38.0;22.0;13.16;57.89;28.0;-1;-1.0;-1.0;-1.0;-1.0;-1.0;-1.0;-1.0;-1.0;-1.0;-1.0;-1.0;-1.0;-1.0;-1.0;-1.0;-1.0;-1.0;-1.0;-1.0
631726;Romano;floriani mussolini;{'uuid': '15cfc725-f2e8-4d2a-8fd7-17c9e164430d', 'name': 'cremonese'};Wide-Midfielder;False;False;['RB', 'E'];D;Romano Floriani Mussolini;Italy;2003-01-27;right;7131;cremonese;36.0;36.0;3181.0;5.95;6.01;18.46;D;2.0;1.0;0.03;2.0;1.63;0.05;2.38;0.07;0.0;6.0;0.0;0.0;0.0;0.0;0.0;0.0;0.0;-1;39.0;38.0;36.0;94.74;94.74;88.0;-1;55.49;-1.0;-1.0;50.02;-1.0;40.78;60.9;44.1;-1.0;37.12;44.99;39.48;-1.0;-1.0;-1.0;-1.0;37.52;-1.0;41.99
632173;Lorenzo;torriani;{'uuid': '2e4b19a8-e58e-4782-905f-bf0219218572', 'name': 'milan'};Goalkeeper;False;False;['G'];P;Lorenzo Torriani;Italy;2005-01-31;right;6813;milan;6.0;6.0;585.0;6.04;4.46;-1.0;P;0.0;0.0;0.0;0.0;0.0;0.0;0.0;0.0;0.0;1.0;0.0;0.0;0.0;2.0;11.0;11.0;7.87;-1;39.0;42.0;6.0;14.29;14.29;16.0;-1;-1.0;-1.0;-1.0;-1.0;-1.0;-1.0;-1.0;-1.0;-1.0;-1.0;-1.0;-1.0;-1.0;-1.0;-1.0;-1.0;-1.0;-1.0;-1.0
632175;Davide;bartesaghi;{'uuid': '2e4b19a8-e58e-4782-905f-bf0219218572', 'name': 'milan'};Defender;False;False;['LB', 'E'];D;Davide Bartesaghi;Italy;2005-12-29;left;6496;milan;31.0;26.0;2532.0;5.8;5.69;2.17;D;0.0;1.0;0.04;1.0;1.32;0.05;0.67;0.02;2.0;5.0;0.0;0.0;0.0;0.0;0.0;0.0;0.0;-1;39.0;50.0;30.0;52.0;60.0;70.0;-1;38.45;33.86;35.36;35.28;42.49;43.62;36.75;32.87;-1.0;42.95;34.31;-1.0;-1.0;-1.0;41.25;37.97;42.34;-1.0;36.39
632259;Pio;esposito;{'uuid': 'fb3aee60-b9c5-4842-b8c0-f338743a5532', 'name': 'inter'};Forward;False;True;['CF'];A;Francesco Pio Esposito;Italy;2005-06-28;right;7071;inter;38.0;36.0;3299.0;6.23;7.52;34.07;A;2.0;18.0;0.49;23.0;18.79;0.51;3.83;0.1;0.0;8.0;1.0;2.0;0.0;0.0;0.0;0.0;0.0;-1;39.0;40.0;38.0;90.0;95.0;91.0;-1;-1.0;41.78;-1.0;82.46;-1.0;39.37;-1.0;44.69;53.66;40.03;65.52;62.9;54.21;-1.0;-1.0;-1.0;43.47;-1.0;47.96
632368;Riyad;idrissi r.;{'uuid': '1c949031-2bcb-434e-a9ea-8fec3fa80c23', 'name': 'cagliari'};Wide-Midfielder;False;False;['LB', 'E'];D;Riyad Idrissi;Italy;2005-06-13;left;7125;cagliari;28.0;13.0;1425.0;5.78;5.82;6.78;D;0.0;1.0;0.06;1.0;0.8;0.05;0.54;0.03;0.0;4.0;0.0;0.0;0.0;0.0;0.0;0.0;0.0;-1;39.0;37.0;26.0;35.14;70.27;41.0;-1;51.53;-1.0;-1.0;47.27;43.21;49.87;51.16;-1.0;-1.0;44.68;46.44;-1.0;-1.0;-1.0;46.33;-1.0;42.49;-1.0;38.82
632932;Pietro;comuzzo;{'uuid': '573f5fa3-5623-417c-9efc-f28b50bc7778', 'name': 'fiorentina'};Defender;False;False;['CB'];D;Pietro Comuzzo;Italy;2005-02-20;right;6495;fiorentina;33.0;24.0;2399.0;5.99;6.01;58.23;D;0.0;1.0;0.04;1.0;0.5;0.02;0.34;0.01;0.0;5.0;0.0;0.0;0.0;0.0;0.0;0.0;0.0;-1;39.0;37.0;31.0;64.86;83.78;66.0;-1;54.69;-1.0;-1.0;56.2;77.57;74.01;-1.0;-1.0;-1.0;76.85;-1.0;-1.0;-1.0;-1.0;67.62;74.94;71.3;-1.0;54.68
632937;Nicolo;Bertola;{'uuid': '10699c39-fa51-4968-8ee6-209df2113a8c', 'name': 'udinese'};Defender;False;False;['CB'];D;Nicolo Bertola;Italy;2003-03-23;right;5820;udinese;28.0;23.0;2291.0;6.15;6.38;51.39;D;1.0;3.0;0.12;6.0;2.25;0.09;1.66;0.07;1.0;5.0;0.0;0.0;0.0;0.0;0.0;0.0;0.0;-1;39.0;31.0;26.0;74.19;83.87;62.0;-1;41.6;40.51;41.87;44.0;53.93;53.41;-1.0;40.01;-1.0;43.55;38.87;-1.0;-1.0;-1.0;55.54;71.81;41.21;-1.0;43.54
633353;cher;ndour;{'uuid': '573f5fa3-5623-417c-9efc-f28b50bc7778', 'name': 'fiorentina'};Midfielder;False;False;['DM', 'M'];C;Cher Ndour;Italy;2004-07-27;right;6294;fiorentina;21.0;10.0;1238.0;5.9;6.11;29.99;C;2.0;1.0;0.07;2.0;1.46;0.11;0.08;0.01;0.0;1.0;0.0;0.0;0.0;0.0;0.0;0.0;0.0;-1;39.0;32.0;19.0;31.25;59.38;34.0;-1;-1.0;56.68;56.92;54.87;60.03;64.91;-1.0;58.39;-1.0;71.57;50.69;49.48;-1.0;-1.0;58.36;-1.0;73.91;55.02;72.97
633804;Giovanni;fabbian;{'uuid': '7bbe67b4-c9f4-48a3-be6f-23aa61167ff2', 'name': 'bologna'};Attacking-Midfielder;False;False;['M', 'OM'];C;Giovanni  Fabbian;Italy;2003-01-14;right;6206;bologna;30.0;9.0;1154.0;5.78;6.05;72.24;C;0.0;3.0;0.23;4.0;1.69;0.13;0.72;0.06;0.0;2.0;0.0;0.0;0.0;0.0;0.0;0.0;0.0;-1;39.0;38.0;24.0;23.68;63.16;33.0;-1;61.95;-1.0;-1.0;81.49;-1.0;50.22;-1.0;55.2;58.72;51.54;66.26;64.56;82.14;-1.0;-1.0;-1.0;49.16;-1.0;53.84
633889;Marco;palestra;{'uuid': '313d7f52-5056-426e-9637-9aeae2c94d8d', 'name': 'atalanta'};Wide-Midfielder;False;False;['E'];D;Marco Palestra;Italy;2005-03-03;right;6832;atalanta;9.0;2.0;254.0;5.92;5.92;32.59;D;0.0;0.0;0.0;0.0;0.0;0.0;0.65;0.23;0.0;0.0;0.0;0.0;0.0;0.0;0.0;0.0;0.0;-1;39.0;31.0;7.0;6.45;22.58;7.0;-1;-1.0;-1.0;-1.0;-1.0;-1.0;-1.0;-1.0;-1.0;-1.0;-1.0;-1.0;-1.0;-1.0;-1.0;-1.0;-1.0;-1.0;-1.0;-1.0
634699;Jasper;samooja;{'uuid': '8fa5643a-841a-44a2-8126-637759f8911e', 'name': 'lecce'};;False;False;['G'];P;Jasper Samooja;;2003-07-21;;6523;lecce;-1.0;-1.0;-1.0;-1.0;-1.0;-1.0;P;-1.0;-1.0;-1.0;-2.0;-1.0;-1.0;-1.0;-1.0;-1.0;-1.0;-1.0;-1.0;-1.0;-1.0;-1.0;-1.0;-1.0;-1;39.0;-1.0;-1.0;-1.0;-1.0;-1.0;-1;-1.0;-1.0;-1.0;-1.0;-1.0;-1.0;-1.0;-1.0;-1.0;-1.0;-1.0;-1.0;-1.0;-1.0;-1.0;-1.0;-1.0;-1.0;-1.0
635334;Giovanni ;Bonfanti;{'uuid': '313d7f52-5056-426e-9637-9aeae2c94d8d', 'name': 'atalanta'};Defender;False;False;['CB'];D;Giovanni  Bonfanti;Italy;2003-01-17;left;6444;atalanta;22.0;21.0;1819.0;6.11;6.13;49.77;D;2.0;0.0;0.0;0.0;0.82;0.04;1.13;0.06;0.0;3.0;0.0;0.0;0.0;0.0;0.0;0.0;0.0;-1;39.0;38.0;22.0;55.26;57.89;51.0;-1;47.33;39.76;52.51;41.82;49.3;56.31;50.68;45.68;-1.0;46.91;38.8;-1.0;-1.0;-1.0;48.49;61.38;46.48;-1.0;46.27
635339;giorgio;scalvini;{'uuid': '313d7f52-5056-426e-9637-9aeae2c94d8d', 'name': 'atalanta'};Defender;False;False;['CB'];D;Giorgio  Scalvini;Italy;2003-12-11;right;5526;atalanta;6.0;4.0;290.0;5.73;5.56;71.85;D;0.0;0.0;0.0;0.0;0.04;0.01;0.0;0.0;0.0;2.0;0.0;0.0;0.0;0.0;0.0;0.0;0.0;-1;39.0;8.0;4.0;50.0;50.0;8.0;-1;-1.0;-1.0;-1.0;-1.0;-1.0;-1.0;-1.0;-1.0;-1.0;-1.0;-1.0;-1.0;-1.0;-1.0;-1.0;-1.0;-1.0;-1.0;-1.0
636134;ivan;azon;{'uuid': '3d3e3a11-950e-4170-a228-5bd0943e5716', 'name': 'como'};Forward;False;False;['CF'];A;Ivan Azon Monzon;Spain;2002-12-24;right;7027;como;24.0;15.0;1612.0;6.05;6.88;24.71;A;0.0;7.0;0.39;10.0;7.7;0.43;0.91;0.05;0.0;2.0;0.0;0.0;0.0;0.0;0.0;0.0;0.0;-1;39.0;30.0;24.0;50.0;80.0;45.0;-1;41.22;48.57;-1.0;74.05;-1.0;-1.0;-1.0;45.72;62.06;44.37;70.85;79.16;57.31;-1.0;-1.0;-1.0;46.62;47.51;60.59
636540;Lorenzo;Venturino;{'uuid': '8f9c4fc6-a3f1-4750-979a-7b10da38e12f', 'name': 'genoa'};Wide-Midfielder;False;False;['W'];C;Lorenzo Venturino;Italy;2006-06-22;-1;6980;genoa;16.0;9.0;974.0;6.4;7.46;89.76;C;5.0;4.0;0.37;4.0;2.42;0.22;2.41;0.22;0.0;0.0;0.0;0.0;0.0;0.0;0.0;0.0;0.0;-1;39.0;28.0;16.0;32.14;57.14;27.0;-1;77.55;-1.0;31.35;39.3;22.2;32.68;68.36;37.08;45.71;35.25;36.97;-1.0;44.69;34.65;23.3;-1.0;39.61;68.87;36.85
636547;Jeff;ekhator;{'uuid': '8f9c4fc6-a3f1-4750-979a-7b10da38e12f', 'name': 'genoa'};Forward;False;False;['F'];A;Jeff Ekhator Osayuki;Italy;2006-11-11;right;6822;genoa;25.0;7.0;969.0;5.65;5.79;2.9;A;1.0;1.0;0.09;1.0;1.66;0.15;1.13;0.1;0.0;1.0;0.0;0.0;0.0;0.0;0.0;0.0;0.0;-1;39.0;34.0;19.0;20.59;55.88;28.0;-1;-1.0;-1.0;-1.0;-1.0;-1.0;-1.0;-1.0;-1.0;-1.0;-1.0;-1.0;-1.0;-1.0;-1.0;-1.0;-1.0;-1.0;-1.0;-1.0
637130;Mandela;keita m.;{'uuid': '05e5b3ab-8801-47e6-9eef-f6edc799628c', 'name': 'parma'};Midfielder;False;False;['DM', 'M'];C;Mandela Keita;Belgium;2002-05-10;right;6898;parma;35.0;26.0;2241.0;5.78;5.71;19.62;C;1.0;0.0;0.0;0.0;0.13;0.01;0.35;0.01;1.0;5.0;0.0;0.0;0.0;0.0;0.0;0.0;0.0;-1;39.0;39.0;32.0;66.67;82.05;62.0;-1;-1.0;-1.0;60.1;53.6;75.1;63.25;-1.0;-1.0;-1.0;70.66;-1.0;-1.0;-1.0;-1.0;69.0;-1.0;67.49;59.57;59.63
637181;Valentin;carboni v.;{'uuid': '8f9c4fc6-a3f1-4750-979a-7b10da38e12f', 'name': 'genoa'};Attacking-Midfielder;False;False;['OM', 'F'];C;Valentin Carboni;Argentina;2005-03-05;left;6106;genoa;4.0;1.0;126.0;5.65;5.52;48.24;C;0.0;0.0;0.0;0.0;0.05;0.04;0.11;0.08;0.0;1.0;0.0;0.0;0.0;0.0;0.0;0.0;0.0;-1;39.0;6.0;4.0;16.67;66.67;4.0;-1;-1.0;-1.0;-1.0;-1.0;-1.0;-1.0;-1.0;-1.0;-1.0;-1.0;-1.0;-1.0;-1.0;-1.0;-1.0;-1.0;-1.0;-1.0;-1.0
638744;Warren;bondo;{'uuid': '15cfc725-f2e8-4d2a-8fd7-17c9e164430d', 'name': 'cremonese'};Midfielder;True;False;['DM', 'M'];C;Warren Bondo;France;2003-09-15;right;5992;cremonese;24.0;22.0;1913.0;5.86;5.71;16.22;C;0.0;0.0;0.0;0.0;0.23;0.01;0.0;0.0;1.0;5.0;0.0;0.0;0.0;0.0;0.0;0.0;0.0;-1;39.0;32.0;23.0;68.75;71.88;53.0;-1;61.41;57.91;-1.0;56.48;67.06;60.62;-1.0;-1.0;-1.0;70.63;-1.0;-1.0;-1.0;-1.0;59.96;-1.0;71.86;56.05;77.95
639024;Semih;kilicsoy;{'uuid': '1c949031-2bcb-434e-a9ea-8fec3fa80c23', 'name': 'cagliari'};Forward;False;False;['F'];A;Semih Kilicsoy;Turkey;2005-08-15;right;7199;cagliari;32.0;11.0;1520.0;5.94;6.21;37.83;A;2.0;3.0;0.18;2.0;4.13;0.24;2.07;0.12;1.0;3.0;0.0;0.0;0.0;0.0;0.0;0.0;0.0;-1;39.0;34.0;30.0;32.35;88.24;43.0;-1;52.44;53.54;48.13;76.7;-1.0;44.54;-1.0;50.35;56.02;53.13;69.44;45.75;47.91;-1.0;-1.0;-1.0;52.91;63.23;51.05
639177;Jacopo;fazzini;{'uuid': '573f5fa3-5623-417c-9efc-f28b50bc7778', 'name': 'fiorentina'};Wing-Forward;False;False;['M', 'OM'];C;Jacopo Fazzini;Italy;2003-03-16;right;6010;fiorentina;20.0;16.0;1474.0;6.01;6.56;79.56;C;1.0;4.0;0.24;4.0;2.82;0.17;0.6;0.04;1.0;2.0;0.0;0.0;0.0;0.0;0.0;0.0;0.0;-1;39.0;22.0;20.0;72.73;90.91;42.0;-1;65.45;-1.0;59.06;68.97;-1.0;56.26;42.28;58.48;67.3;63.91;61.23;63.49;79.37;-1.0;50.75;-1.0;70.59;64.85;81.4
639246;brooke;norton-cuffy;{'uuid': '8f9c4fc6-a3f1-4750-979a-7b10da38e12f', 'name': 'genoa'};Wing-Back;False;False;['RB', 'E'];D;Brooke Norton-Cuffy;England;2004-01-12;right;6814;genoa;14.0;8.0;779.0;5.65;5.65;49.09;D;0.0;0.0;0.0;0.0;0.49;0.06;0.02;0.0;0.0;0.0;0.0;0.0;0.0;0.0;0.0;0.0;0.0;-1;39.0;26.0;11.0;30.77;42.31;22.0;-1;-1.0;-1.0;-1.0;-1.0;-1.0;-1.0;-1.0;-1.0;-1.0;-1.0;-1.0;-1.0;-1.0;-1.0;-1.0;-1.0;-1.0;-1.0;-1.0
639489;Filippo;terracciano f.;{'uuid': '15cfc725-f2e8-4d2a-8fd7-17c9e164430d', 'name': 'cremonese'};Wing-Back;False;False;['RB', 'LB', 'E'];D;Filippo Terracciano;Italy;2003-02-08;right;5812;cremonese;12.0;6.0;615.0;5.85;5.73;23.41;D;0.0;0.0;0.0;0.0;0.19;0.03;0.01;0.0;0.0;3.0;0.0;0.0;0.0;0.0;0.0;0.0;0.0;-1;39.0;38.0;8.0;15.79;21.05;17.0;-1;-1.0;-1.0;-1.0;-1.0;-1.0;-1.0;-1.0;-1.0;-1.0;-1.0;-1.0;-1.0;-1.0;-1.0;-1.0;-1.0;-1.0;-1.0;-1.0
640796;Niccolo;fortini;{'uuid': '573f5fa3-5623-417c-9efc-f28b50bc7778', 'name': 'fiorentina'};Wide-Midfielder;False;False;['E'];D;Niccolo Fortini;Italy;2006-02-13;right;7069;fiorentina;27.0;24.0;2126.0;6.02;6.28;25.89;D;3.0;2.0;0.08;2.0;2.1;0.09;2.5;0.11;0.0;4.0;0.0;0.0;0.0;0.0;0.0;0.0;0.0;-1;39.0;32.0;27.0;75.0;84.38;60.0;-1;49.26;-1.0;42.58;53.05;41.84;43.49;60.01;45.44;-1.0;48.72;45.99;-1.0;-1.0;44.05;46.09;-1.0;51.65;56.26;50.66
641988;Arthur;atta;{'uuid': '10699c39-fa51-4968-8ee6-209df2113a8c', 'name': 'udinese'};Wide-Midfielder;False;False;['M'];C;Arthur Atta;France;2003-01-14;right;6908;udinese;29.0;12.0;1416.0;5.82;5.75;32.5;C;1.0;0.0;0.0;0.0;1.55;0.1;1.59;0.1;0.0;6.0;0.0;0.0;0.0;0.0;0.0;0.0;0.0;-1;39.0;32.0;27.0;37.5;84.38;41.0;-1;58.97;60.78;66.54;65.4;64.01;70.83;62.84;67.42;52.83;77.51;60.7;63.48;49.09;51.47;65.84;-1.0;84.26;75.83;90.92
642030;Samuele;angori;{'uuid': 'c1a7a918-44f8-4da9-86b6-f8b95e8e261d', 'name': 'pisa'};Wide-Midfielder;False;False;['LB', 'E'];D;Samuele Angori;Italy;2003-10-07;left;7143;pisa;37.0;25.0;2568.0;6.1;6.29;58.35;D;3.0;2.0;0.07;2.0;1.98;0.07;6.71;0.24;0.0;4.0;0.0;0.0;0.0;0.0;0.0;0.0;0.0;-1;39.0;38.0;36.0;65.79;94.74;71.0;-1;54.94;-1.0;44.67;49.2;39.99;47.71;70.96;55.2;-1.0;42.5;42.09;-1.0;-1.0;-1.0;42.04;-1.0;42.5;-1.0;46.17
642496;federico;gatti;{'uuid': '8f4e639c-b52a-4ea8-9f2c-80c5172add56', 'name': 'juventus'};Defender;False;False;['CB'];D;Federico Gatti;Italy;1998-06-24;right;5831;juventus;30.0;26.0;2349.0;6.13;6.2;86.64;D;0.0;1.0;0.04;1.0;3.74;0.14;0.24;0.01;0.0;2.0;0.0;0.0;0.0;0.0;0.0;0.0;0.0;-1;39.0;33.0;28.0;78.79;84.85;65.0;-1;56.05;68.11;62.22;58.37;91.06;77.29;-1.0;-1.0;-1.0;89.32;-1.0;72.02;-1.0;-1.0;89.93;79.31;88.9;-1.0;65.33
644104;Santiago;castro s.;{'uuid': '7bbe67b4-c9f4-48a3-be6f-23aa61167ff2', 'name': 'bologna'};Forward;False;False;['CF'];A;Santiago Tomas Castro;Argentina;2004-09-18;right;6572;bologna;36.0;27.0;2466.0;5.94;6.4;40.15;A;1.0;8.0;0.29;9.0;8.23;0.3;1.66;0.06;0.0;7.0;0.0;1.0;0.0;0.0;0.0;0.0;0.0;-1;39.0;37.0;35.0;72.97;94.59;70.0;-1;54.97;53.49;-1.0;82.42;-1.0;-1.0;-1.0;52.42;63.64;54.04;69.98;52.54;69.57;-1.0;-1.0;-1.0;51.35;58.11;63.32
644381;Edoardo;iannoni;{'uuid': '1cdca4b8-4eea-4a38-a776-63f5887d5762', 'name': 'sassuolo'};Mezzala;False;True;['M'];C;Edoardo Iannoni;Italy;2001-04-11;right;7157;sassuolo;21.0;10.0;1078.0;6.11;6.22;11.4;C;2.0;1.0;0.08;1.0;1.22;0.1;1.25;0.1;0.0;5.0;0.0;0.0;0.0;0.0;0.0;0.0;0.0;-1;39.0;36.0;20.0;27.78;55.56;31.0;-1;48.12;41.22;63.3;49.02;57.59;56.27;-1.0;51.79;45.36;57.18;-1.0;46.09;45.47;-1.0;61.57;-1.0;54.44;50.92;55.29
644927;Iker;bravo;{'uuid': '10699c39-fa51-4968-8ee6-209df2113a8c', 'name': 'udinese'};Forward;False;False;['F'];A;Iker Bravo Solanilla;Spain;2005-01-13;right;6653;udinese;29.0;4.0;814.0;5.7;5.86;10.7;A;0.0;2.0;0.22;2.0;0.78;0.09;0.31;0.03;0.0;3.0;0.0;0.0;0.0;0.0;0.0;0.0;0.0;-1;39.0;36.0;22.0;11.11;61.11;24.0;-1;-1.0;-1.0;-1.0;-1.0;-1.0;-1.0;-1.0;-1.0;-1.0;-1.0;-1.0;-1.0;-1.0;-1.0;-1.0;-1.0;-1.0;-1.0;-1.0
646245;Agustin;Alvarez Martinez;{'uuid': '1cdca4b8-4eea-4a38-a776-63f5887d5762', 'name': 'sassuolo'};Forward;False;False;['CF'];A;Agustin Alvarez Martinez;Uruguay;2001-05-19;right;5845;sassuolo;37.0;27.0;2538.0;5.94;6.41;11.02;A;0.0;8.0;0.28;12.0;9.56;0.34;1.01;0.04;0.0;7.0;0.0;1.0;0.0;0.0;0.0;0.0;0.0;-1;39.0;38.0;37.0;71.05;97.37;71.0;-1;-1.0;-1.0;40.2;62.07;-1.0;43.68;-1.0;42.8;62.46;45.5;52.91;51.53;52.79;-1.0;-1.0;-1.0;48.07;-1.0;50.43
646670;Tommaso;martinelli t.;{'uuid': '573f5fa3-5623-417c-9efc-f28b50bc7778', 'name': 'fiorentina'};;False;False;['G'];P;Tommaso Martinelli;;2006-01-06;;6184;fiorentina;-1.0;-1.0;-1.0;-1.0;-1.0;-1.0;P;-1.0;-1.0;-1.0;-2.0;-1.0;-1.0;-1.0;-1.0;-1.0;-1.0;-1.0;-1.0;-1.0;-1.0;-1.0;-1.0;-1.0;-1;39.0;-1.0;-1.0;-1.0;-1.0;-1.0;-1;-1.0;-1.0;-1.0;-1.0;-1.0;-1.0;-1.0;-1.0;-1.0;-1.0;-1.0;-1.0;-1.0;-1.0;-1.0;-1.0;-1.0;-1.0;-1.0
653311;Jayden;addai;{'uuid': '3d3e3a11-950e-4170-a228-5bd0943e5716', 'name': 'como'};Wing-Forward;False;False;['W', 'F'];A;Jayden Addai ;Netherlands;2005-08-26;left;7127;como;29.0;15.0;1428.0;6.25;7.15;55.59;A;3.0;8.0;0.5;7.0;4.57;0.29;2.75;0.17;0.0;2.0;1.0;1.0;0.0;0.0;0.0;0.0;0.0;-1;39.0;36.0;23.0;41.67;63.89;40.0;-1;54.37;-1.0;44.94;70.46;38.17;38.54;57.4;45.91;54.34;54.55;62.56;-1.0;59.12;76.19;39.57;-1.0;64.52;92.12;44.9
659056;Kamaldeen;Sulemana;{'uuid': '313d7f52-5056-426e-9637-9aeae2c94d8d', 'name': 'atalanta'};Wing-Forward;False;False;['F'];A;Kamaldeen Sulemana;Ghana;2002-02-15;right;5918;atalanta;26.0;17.0;1557.0;5.64;5.76;5.27;A;1.0;1.0;0.06;1.0;2.78;0.16;0.65;0.04;0.0;2.0;0.0;0.0;0.0;0.0;0.0;0.0;0.0;-1;39.0;28.0;24.0;60.71;85.71;44.0;-1;90.47;-1.0;-1.0;78.01;-1.0;56.22;78.14;58.5;55.26;66.41;73.28;-1.0;55.19;-1.0;-1.0;-1.0;74.72;74.19;64.47
660328;Flavio;Russo;{'uuid': '1cdca4b8-4eea-4a38-a776-63f5887d5762', 'name': 'sassuolo'};Forward;False;False;['G'];P;Flavio Russo;Italy;2004-08-31;right;4518;sassuolo;22.0;6.0;757.0;5.74;5.94;-1.0;P;0.0;2.0;0.24;3.0;2.12;0.25;0.48;0.06;0.0;3.0;0.0;0.0;0.0;0.0;0.0;0.0;0.0;-1;39.0;34.0;20.0;17.65;58.82;22.0;-1;-1.0;-1.0;-1.0;-1.0;-1.0;-1.0;-1.0;-1.0;-1.0;-1.0;-1.0;-1.0;-1.0;-1.0;-1.0;-1.0;-1.0;-1.0;-1.0
660734;Josh;doig;{'uuid': '1cdca4b8-4eea-4a38-a776-63f5887d5762', 'name': 'sassuolo'};Wing-Back;False;False;['LB', 'E'];D;Josh Doig;Scotland;2002-05-18;left;5851;sassuolo;29.0;25.0;2364.0;6.05;6.12;32.6;D;1.0;1.0;0.04;1.0;1.87;0.07;2.39;0.09;0.0;4.0;0.0;0.0;0.0;0.0;0.0;0.0;0.0;-1;39.0;30.0;29.0;83.33;96.67;65.0;-1;73.63;-1.0;41.7;48.87;47.57;56.38;49.67;42.29;48.44;58.6;43.97;-1.0;42.24;38.92;48.25;48.49;56.91;51.19;45.03
661941;Mateus;Lusuardi;{'uuid': 'c1a7a918-44f8-4da9-86b6-f8b95e8e261d', 'name': 'pisa'};Defender;True;False;['CB'];D;Mateus Lusuardi;Brazil;2004-01-08;left;6411;pisa;12.0;11.0;994.0;5.97;6.47;51.7;D;0.0;2.0;0.18;2.0;2.04;0.19;0.0;0.0;0.0;0.0;0.0;0.0;0.0;0.0;0.0;0.0;0.0;-1;39.0;28.0;11.0;39.29;39.29;27.0;-1;-1.0;-1.0;-1.0;-1.0;-1.0;-1.0;-1.0;-1.0;-1.0;-1.0;-1.0;-1.0;-1.0;-1.0;-1.0;-1.0;-1.0;-1.0;-1.0
662420;Alessandro;circati;{'uuid': '05e5b3ab-8801-47e6-9eef-f6edc799628c', 'name': 'parma'};Defender;False;False;['CB'];D;Alessandro Circati;Italy;2003-10-10;right;6663;parma;6.0;6.0;602.0;6.07;5.99;59.38;D;0.0;0.0;0.0;0.0;0.07;0.01;0.02;0.0;0.0;1.0;0.0;0.0;0.0;0.0;0.0;0.0;0.0;-1;39.0;12.0;6.0;50.0;50.0;16.0;-1;-1.0;-1.0;-1.0;-1.0;-1.0;-1.0;-1.0;-1.0;-1.0;-1.0;-1.0;-1.0;-1.0;-1.0;-1.0;-1.0;-1.0;-1.0;-1.0
664681;alieu;fadera;{'uuid': '1cdca4b8-4eea-4a38-a776-63f5887d5762', 'name': 'sassuolo'};Wing-Forward;False;False;['W'];C;Alieu  Fadera;Gambia;2001-11-03;right;6815;sassuolo;30.0;22.0;1955.0;5.9;5.95;44.51;C;1.0;1.0;0.05;1.0;1.51;0.07;2.7;0.12;1.0;3.0;0.0;0.0;0.0;0.0;0.0;0.0;0.0;-1;39.0;36.0;27.0;61.11;75.0;55.0;-1;82.56;-1.0;56.21;74.47;45.56;56.49;57.28;65.97;62.23;63.34;81.1;-1.0;55.97;57.28;-1.0;-1.0;68.33;65.51;59.99
669931;Cristian;volpato;{'uuid': '1cdca4b8-4eea-4a38-a776-63f5887d5762', 'name': 'sassuolo'};Wing-Forward;False;False;['W', 'OM'];C;Cristian Volpato;Australia;2003-11-15;left;5735;sassuolo;18.0;9.0;771.0;6.27;7.1;-1.0;C;5.0;4.0;0.47;4.0;2.15;0.25;2.51;0.29;0.0;4.0;0.0;0.0;0.0;0.0;0.0;0.0;0.0;-1;39.0;27.0;16.0;33.33;59.26;23.0;-1;-1.0;-1.0;-1.0;-1.0;-1.0;-1.0;-1.0;-1.0;-1.0;-1.0;-1.0;-1.0;-1.0;-1.0;-1.0;-1.0;-1.0;-1.0;-1.0
676907;Ardon;jashari;{'uuid': '2e4b19a8-e58e-4782-905f-bf0219218572', 'name': 'milan'};Midfielder;False;False;['M'];C;Ardon Jashari;Switzerland;2002-07-30;left;7203;milan;35.0;31.0;3009.0;6.33;6.66;62.93;C;4.0;3.0;0.09;3.0;2.42;0.07;3.71;0.11;0.0;3.0;0.0;0.0;0.0;0.0;0.0;0.0;0.0;-1;39.0;39.0;35.0;79.49;89.74;82.0;-1;62.64;-1.0;84.15;53.47;65.85;78.62;46.57;65.99;53.01;80.47;48.3;-1.0;54.79;-1.0;72.03;-1.0;82.37;46.35;75.48
678648;tobias;slotsager;{'uuid': 'e9e1d0da-2ab8-449c-8738-84666289eb1b', 'name': 'verona'};;False;False;['CB'];D;Tobias Slotsager;;2006-01-01;;7011;verona;-1.0;-1.0;-1.0;-1.0;-1.0;33.19;D;-1.0;-1.0;-1.0;-2.0;-1.0;-1.0;-1.0;-1.0;-1.0;-1.0;-1.0;-1.0;-1.0;-1.0;-1.0;-1.0;-1.0;-1;39.0;-1.0;-1.0;-1.0;-1.0;-1.0;-1;-1.0;-1.0;-1.0;-1.0;-1.0;-1.0;-1.0;-1.0;-1.0;-1.0;-1.0;-1.0;-1.0;-1.0;-1.0;-1.0;-1.0;-1.0;-1.0
683574;gaby;jean;{'uuid': '8fa5643a-841a-44a2-8126-637759f8911e', 'name': 'lecce'};Defender;True;False;['CB'];D;Gaby Jean;France;2000-02-19;left;6883;lecce;21.0;18.0;1705.0;5.73;5.73;30.76;D;0.0;0.0;0.0;0.0;0.62;0.03;0.17;0.01;0.0;0.0;0.0;0.0;0.0;0.0;0.0;0.0;0.0;-1;39.0;32.0;19.0;56.25;59.38;46.0;-1;-1.0;-1.0;-1.0;54.78;79.37;75.51;-1.0;-1.0;-1.0;74.89;-1.0;-1.0;-1.0;-1.0;83.95;53.37;71.7;-1.0;53.12
684614;Luis Thomas;Buffon;{'uuid': 'c1a7a918-44f8-4da9-86b6-f8b95e8e261d', 'name': 'pisa'};Attacking-Midfielder;False;False;['F'];A;Louis Thomas Buffon;Italy;2007-12-28;right;7171;pisa;1.0;0.0;14.0;-1.0;-1.0;-1.0;A;0.0;0.0;0.0;0.0;0.0;0.0;0.0;0.0;0.0;0.0;0.0;0.0;0.0;0.0;0.0;0.0;0.0;-1;39.0;3.0;0.0;0.0;0.0;0.0;-1;-1.0;-1.0;-1.0;-1.0;-1.0;-1.0;-1.0;-1.0;-1.0;-1.0;-1.0;-1.0;-1.0;-1.0;-1.0;-1.0;-1.0;-1.0;-1.0
694512;Medon;berisha m.;{'uuid': '8fa5643a-841a-44a2-8126-637759f8911e', 'name': 'lecce'};Midfielder;False;False;['M', 'OM'];C;Medon Berisha;Switzerland;2003-10-21;right;6015;lecce;17.0;7.0;794.0;5.73;5.64;-1.0;C;1.0;0.0;0.0;0.0;0.66;0.07;0.55;0.06;0.0;5.0;0.0;0.0;0.0;0.0;0.0;0.0;0.0;-1;39.0;22.0;15.0;31.82;68.18;23.0;-1;-1.0;-1.0;-1.0;-1.0;-1.0;-1.0;-1.0;-1.0;-1.0;-1.0;-1.0;-1.0;-1.0;-1.0;-1.0;-1.0;-1.0;-1.0;-1.0
696076;Reda;belahyane;{'uuid': 'f10c49fc-d0ce-4a7b-ba2d-f136e95e0fe0', 'name': 'lazio'};Midfielder;False;False;['DM', 'M'];C;Reda Belahyane;France;2004-06-01;right;6191;lazio;28.0;18.0;2001.0;5.86;5.77;23.91;C;2.0;0.0;0.0;0.0;0.17;0.01;1.03;0.05;2.0;5.0;0.0;0.0;0.0;0.0;0.0;0.0;0.0;-1;39.0;36.0;28.0;50.0;77.78;56.0;-1;-1.0;-1.0;69.0;55.95;70.21;68.82;-1.0;59.59;-1.0;73.61;-1.0;-1.0;-1.0;-1.0;68.02;-1.0;77.43;-1.0;79.43
696915;Alessandro;marcandalli;{'uuid': '8f9c4fc6-a3f1-4750-979a-7b10da38e12f', 'name': 'genoa'};Defender;False;False;['CB'];D;Alessandro Marcandalli;Italy;2002-10-25;right;6660;genoa;10.0;6.0;437.0;5.66;5.56;16.13;D;0.0;0.0;0.0;0.0;0.42;0.09;0.0;0.0;0.0;2.0;0.0;0.0;0.0;0.0;0.0;0.0;0.0;-1;39.0;36.0;9.0;16.67;25.0;13.0;-1;-1.0;-1.0;-1.0;-1.0;-1.0;-1.0;-1.0;-1.0;-1.0;-1.0;-1.0;-1.0;-1.0;-1.0;-1.0;-1.0;-1.0;-1.0;-1.0
697931;Ange-Yoan;bonny;{'uuid': 'fb3aee60-b9c5-4842-b8c0-f338743a5532', 'name': 'inter'};Forward;False;False;['CF'];A;Ange-Yoan Bonny;France;2003-10-25;right;6669;inter;37.0;30.0;2679.0;5.79;6.25;24.54;A;3.0;6.0;0.2;4.0;7.32;0.25;2.75;0.09;0.0;2.0;2.0;3.0;0.0;0.0;0.0;0.0;0.0;-1;39.0;37.0;37.0;81.08;100.0;77.0;-1;59.23;-1.0;54.11;85.06;-1.0;52.43;-1.0;64.05;70.38;61.23;75.4;53.89;56.54;-1.0;-1.0;-1.0;64.19;69.09;73.76
699844;Petar;sucic p.;{'uuid': 'fb3aee60-b9c5-4842-b8c0-f338743a5532', 'name': 'inter'};Midfielder;False;False;['M'];C;Petar Sucic;Bosnia-Herzegovina;2003-10-25;right;7070;inter;26.0;20.0;2056.0;6.28;6.91;65.06;C;2.0;5.0;0.22;5.0;2.74;0.12;2.78;0.12;0.0;1.0;0.0;0.0;0.0;0.0;0.0;0.0;0.0;-1;39.0;27.0;26.0;74.07;96.3;57.0;-1;47.6;-1.0;57.92;55.12;54.18;59.7;-1.0;62.44;44.06;61.83;51.65;-1.0;66.55;41.56;54.04;-1.0;62.18;-1.0;63.83
703520;Kialonda;gaspar k.;{'uuid': '8fa5643a-841a-44a2-8126-637759f8911e', 'name': 'lecce'};Defender;False;False;['CB'];D;Kialonda Gaspar;Angola;1997-09-27;right;6632;lecce;24.0;24.0;2320.0;5.92;5.9;40.76;D;1.0;0.0;0.0;0.0;1.48;0.06;0.01;0.0;0.0;3.0;0.0;0.0;0.0;0.0;0.0;0.0;0.0;-1;39.0;29.0;24.0;82.76;82.76;63.0;-1;-1.0;62.42;54.27;57.74;76.54;59.87;-1.0;-1.0;-1.0;62.82;-1.0;74.3;-1.0;-1.0;68.69;87.01;57.06;-1.0;55.25
728835;Gvidas;gineitis;{'uuid': '8cbf8ec8-2e07-4946-9d90-58b0da6a9c14', 'name': 'torino'};Mezzala;False;False;['M'];C;Gvidas Gineitis;Lithuania;2004-04-15;left;6170;torino;30.0;15.0;1557.0;5.83;6.08;28.3;C;1.0;3.0;0.17;3.0;1.6;0.09;1.85;0.11;0.0;5.0;0.0;0.0;0.0;0.0;0.0;0.0;0.0;-1;39.0;32.0;30.0;46.88;93.75;45.0;-1;58.09;54.05;61.89;62.85;54.1;59.68;65.52;58.41;60.89;59.31;55.85;62.1;73.79;-1.0;49.88;-1.0;58.08;-1.0;62.68
732160;mateo;pellegrino;{'uuid': '05e5b3ab-8801-47e6-9eef-f6edc799628c', 'name': 'parma'};Forward;False;False;['CF'];A;Mateo Pellegrino Casalanguila;Argentina;2001-10-22;left;7023;parma;11.0;8.0;761.0;5.95;6.68;38.29;A;0.0;3.0;0.35;5.0;3.0;0.35;0.28;0.03;0.0;2.0;0.0;0.0;0.0;0.0;0.0;0.0;0.0;-1;39.0;11.0;11.0;72.73;100.0;22.0;-1;-1.0;-1.0;-1.0;-1.0;-1.0;-1.0;-1.0;-1.0;-1.0;-1.0;-1.0;-1.0;-1.0;-1.0;-1.0;-1.0;-1.0;-1.0;-1.0
737882;Matteo;prati;{'uuid': '1c949031-2bcb-434e-a9ea-8fec3fa80c23', 'name': 'cagliari'};Midfielder;False;False;['DM', 'M'];C;Matteo Prati;Italy;2003-12-28;right;6424;cagliari;12.0;8.0;602.0;5.78;5.74;29.49;C;0.0;0.0;0.0;0.0;0.04;0.01;0.38;0.06;0.0;1.0;0.0;0.0;0.0;0.0;0.0;0.0;0.0;-1;39.0;36.0;10.0;22.22;27.78;18.0;-1;-1.0;-1.0;-1.0;-1.0;-1.0;-1.0;-1.0;-1.0;-1.0;-1.0;-1.0;-1.0;-1.0;-1.0;-1.0;-1.0;-1.0;-1.0;-1.0
743076;Nicolas Nahuel;valentini n.;{'uuid': 'e9e1d0da-2ab8-449c-8738-84666289eb1b', 'name': 'verona'};Defender;True;False;['CB'];D;Nicolas Nahuel Valentini;Argentina;2001-04-06;left;6957;verona;14.0;13.0;1204.0;5.82;5.61;9.31;D;0.0;0.0;0.0;0.0;0.58;0.04;0.09;0.01;1.0;4.0;0.0;0.0;0.0;0.0;0.0;0.0;0.0;-1;39.0;19.0;14.0;68.42;73.68;33.0;-1;-1.0;-1.0;69.35;58.25;56.45;66.34;-1.0;-1.0;-1.0;57.32;-1.0;80.4;-1.0;-1.0;65.0;83.51;55.9;-1.0;53.32
743480;Tarik;Muharemovic;{'uuid': '1cdca4b8-4eea-4a38-a776-63f5887d5762', 'name': 'sassuolo'};Defender;False;False;['CB'];D;Tarik Muharemovic;Slovenia;2003-02-28;left;7155;sassuolo;28.0;22.0;2267.0;6.2;6.29;30.3;D;1.0;1.0;0.04;2.0;1.08;0.04;0.3;0.01;0.0;3.0;0.0;0.0;0.0;0.0;0.0;0.0;0.0;-1;39.0;35.0;24.0;62.86;68.57;62.0;-1;-1.0;46.48;57.49;40.77;61.93;59.79;-1.0;-1.0;-1.0;63.95;-1.0;-1.0;-1.0;-1.0;59.15;56.89;59.17;-1.0;44.5
744211;Giovane;Santana do Nascimento;{'uuid': 'e9e1d0da-2ab8-449c-8738-84666289eb1b', 'name': 'verona'};;False;False;['F'];A;Giovane Santana do Nascimento;;2003-11-24;;7162;verona;-1.0;-1.0;-1.0;-1.0;-1.0;-1.0;A;-1.0;-1.0;-1.0;-2.0;-1.0;-1.0;-1.0;-1.0;-1.0;-1.0;-1.0;-1.0;-1.0;-1.0;-1.0;-1.0;-1.0;-1;39.0;-1.0;-1.0;-1.0;-1.0;-1.0;-1;-1.0;-1.0;-1.0;-1.0;-1.0;-1.0;-1.0;-1.0;-1.0;-1.0;-1.0;-1.0;-1.0;-1.0;-1.0;-1.0;-1.0;-1.0;-1.0
746790;michael amir;richardson;{'uuid': '573f5fa3-5623-417c-9efc-f28b50bc7778', 'name': 'fiorentina'};Midfielder;False;False;['DM', 'M'];C;Michael Amir Richardson;France;2002-01-24;left;6804;fiorentina;27.0;10.0;1225.0;5.95;5.99;63.35;C;1.0;1.0;0.07;1.0;1.08;0.08;0.33;0.02;0.0;6.0;0.0;0.0;0.0;0.0;0.0;0.0;0.0;-1;39.0;36.0;25.0;27.78;69.44;36.0;-1;60.49;-1.0;73.32;59.95;75.01;73.37;-1.0;57.19;-1.0;82.16;53.59;57.64;-1.0;-1.0;78.32;-1.0;84.55;-1.0;69.74
751585;Saba;goglichidze;{'uuid': '10699c39-fa51-4968-8ee6-209df2113a8c', 'name': 'udinese'};Defender;False;False;['RB', 'CB'];D;Saba Goglichidze;Georgia;2004-06-25;right;6537;udinese;33.0;29.0;2701.0;5.77;5.69;24.9;D;0.0;0.0;0.0;0.0;0.43;0.01;0.4;0.01;1.0;3.0;0.0;0.0;0.0;0.0;0.0;0.0;0.0;-1;39.0;37.0;33.0;78.38;89.19;76.0;-1;-1.0;-1.0;-1.0;56.11;57.49;58.58;-1.0;-1.0;-1.0;57.26;-1.0;-1.0;-1.0;-1.0;57.57;52.16;52.46;-1.0;48.77
751840;Vinicius Franca Lima;wesley;{'uuid': '1e324d46-77cf-49f1-8dd2-9a0e343741c2', 'name': 'roma'};Wing-Back;False;False;['E'];D;Wesley Vinicius Franca Lima;Brazil;2003-09-06;right;7181;roma;11.0;11.0;1061.0;6.17;6.44;65.73;D;2.0;1.0;0.08;1.0;0.35;0.03;0.73;0.06;0.0;4.0;0.0;0.0;0.0;0.0;0.0;0.0;0.0;-1;39.0;14.0;11.0;78.57;78.57;58.0;-1;54.48;-1.0;51.25;61.0;52.15;61.76;60.81;57.72;-1.0;72.14;81.8;-1.0;-1.0;47.97;61.99;50.33;70.78;52.61;57.25
754706;Neil;el aynaoui;{'uuid': '1e324d46-77cf-49f1-8dd2-9a0e343741c2', 'name': 'roma'};Midfielder;False;False;['DM', 'M'];C;Neil El Aynaoui;France;2001-07-02;right;6271;roma;24.0;17.0;1773.0;6.29;7.25;95.85;C;1.0;8.0;0.41;7.0;1.61;0.08;2.58;0.13;0.0;4.0;3.0;3.0;0.0;0.0;0.0;0.0;0.0;-1;39.0;25.0;22.0;68.0;88.0;48.0;-1;-1.0;-1.0;68.15;57.66;71.21;69.25;-1.0;47.2;-1.0;74.48;53.49;-1.0;-1.0;-1.0;73.35;-1.0;73.7;58.46;81.79
756418;Mohamed;kaba;{'uuid': '8fa5643a-841a-44a2-8126-637759f8911e', 'name': 'lecce'};Midfielder;False;False;['DM', 'M'];C;Mohamed Kaba;France;2001-10-27;right;6410;lecce;15.0;2.0;528.0;5.71;5.68;6.92;C;0.0;0.0;0.0;0.0;0.25;0.04;0.0;0.0;0.0;1.0;0.0;0.0;0.0;0.0;0.0;0.0;0.0;-1;39.0;31.0;13.0;6.45;41.94;15.0;-1;-1.0;-1.0;-1.0;-1.0;-1.0;-1.0;-1.0;-1.0;-1.0;-1.0;-1.0;-1.0;-1.0;-1.0;-1.0;-1.0;-1.0;-1.0;-1.0
759409;Tijjani;noslin;{'uuid': 'f10c49fc-d0ce-4a7b-ba2d-f136e95e0fe0', 'name': 'lazio'};Forward;False;False;['F'];A;Tijjani Noslin;Netherlands;1999-07-07;right;6556;lazio;30.0;8.0;1011.0;5.74;5.97;40.79;A;2.0;2.0;0.18;2.0;1.92;0.17;0.63;0.06;0.0;2.0;0.0;0.0;0.0;0.0;0.0;0.0;0.0;-1;39.0;37.0;21.0;21.62;56.76;29.0;-1;67.8;-1.0;55.25;82.28;-1.0;49.5;51.73;57.23;62.26;54.93;62.36;68.41;65.25;-1.0;-1.0;-1.0;56.16;58.94;52.02
759543;Kenan;yildiz;{'uuid': '8f4e639c-b52a-4ea8-9f2c-80c5172add56', 'name': 'juventus'};Wing-Forward;False;False;['F'];A;Kenan Yildiz;Germany;2005-05-04;right;6434;juventus;35.0;28.0;2561.0;6.21;6.87;61.81;A;4.0;7.0;0.25;8.0;4.97;0.17;5.58;0.2;1.0;2.0;0.0;0.0;0.0;0.0;0.0;0.0;0.0;-1;39.0;36.0;34.0;77.78;94.44;72.0;-1;73.94;-1.0;77.64;75.84;57.92;61.57;75.71;78.84;66.42;75.33;72.7;-1.0;72.08;56.41;65.06;-1.0;81.65;88.87;74.81
762790;Henrik;Wendel Meister;{'uuid': 'c1a7a918-44f8-4da9-86b6-f8b95e8e261d', 'name': 'pisa'};Forward;False;False;['CF'];A;Henrik Wendel Meister;Denmark;2003-11-13;right;6836;pisa;19.0;7.0;696.0;5.74;6.08;15.81;A;0.0;3.0;0.39;3.0;0.51;0.07;0.98;0.13;0.0;5.0;0.0;0.0;0.0;0.0;0.0;0.0;0.0;-1;39.0;27.0;17.0;25.93;62.96;20.0;-1;-1.0;-1.0;-1.0;-1.0;-1.0;-1.0;-1.0;-1.0;-1.0;-1.0;-1.0;-1.0;-1.0;-1.0;-1.0;-1.0;-1.0;-1.0;-1.0
766955;Ismael;konè i.;{'uuid': '1cdca4b8-4eea-4a38-a776-63f5887d5762', 'name': 'sassuolo'};Midfielder;False;False;['DM', 'M'];C;Ismael kenneth Jordan Kone;Côte d'Ivoire;2002-06-16;right;6717;sassuolo;21.0;7.0;920.0;5.88;6.19;43.47;C;1.0;2.0;0.2;2.0;0.53;0.05;0.83;0.08;0.0;1.0;0.0;0.0;0.0;0.0;0.0;0.0;0.0;-1;39.0;28.0;19.0;25.0;67.86;27.0;-1;71.59;-1.0;61.92;57.48;56.94;62.43;-1.0;50.23;-1.0;76.21;51.8;-1.0;-1.0;66.39;60.01;-1.0;77.95;64.5;62.24
769448;Alejandro;jimenez a.;{'uuid': '2e4b19a8-e58e-4782-905f-bf0219218572', 'name': 'milan'};Wing-Back;False;False;['RB', 'LB', 'E'];D;Alejandro Jimenez Sanchez;Spain;2005-05-08;right;6531;milan;37.0;29.0;2726.0;5.92;5.89;8.5;D;0.0;2.0;0.07;2.0;2.54;0.08;1.45;0.05;1.0;12.0;0.0;0.0;0.0;0.0;0.0;0.0;0.0;-1;39.0;43.0;37.0;67.44;86.05;76.0;-1;79.22;-1.0;43.4;51.47;42.8;47.49;45.64;39.29;41.68;50.88;49.11;-1.0;44.06;58.18;44.65;-1.0;55.41;56.55;51.21
772000;Alieu Eybi;njie;{'uuid': '8cbf8ec8-2e07-4946-9d90-58b0da6a9c14', 'name': 'torino'};Forward;True;False;['F'];A;Alieu Eybi Njie;Sweden;2005-05-14;-1;6827;torino;17.0;1.0;562.0;5.74;5.86;0.79;A;0.0;1.0;0.16;1.0;1.63;0.26;0.63;0.1;0.0;2.0;0.0;0.0;0.0;0.0;0.0;0.0;0.0;-1;39.0;22.0;14.0;4.55;63.64;16.0;-1;-1.0;-1.0;-1.0;-1.0;-1.0;-1.0;-1.0;-1.0;-1.0;-1.0;-1.0;-1.0;-1.0;-1.0;-1.0;-1.0;-1.0;-1.0;-1.0
779967;Alessandro;nunziante;{'uuid': '10699c39-fa51-4968-8ee6-209df2113a8c', 'name': 'udinese'};Goalkeeper;False;False;['G'];P;Alessandro Nunziante;Italy;2007-03-14;right;7185;udinese;32.0;32.0;3071.0;6.19;5.61;-1.0;P;0.0;0.0;0.0;0.0;0.0;0.0;0.0;0.0;0.0;1.0;0.0;0.0;1.0;9.0;30.0;30.0;24.83;-1;39.0;35.0;32.0;91.43;91.43;83.0;-1;-1.0;-1.0;-1.0;-1.0;-1.0;-1.0;-1.0;-1.0;-1.0;-1.0;-1.0;-1.0;-1.0;-1.0;-1.0;-1.0;-1.0;-1.0;-1.0
783958;Francesco;camarda;{'uuid': '8fa5643a-841a-44a2-8126-637759f8911e', 'name': 'lecce'};Forward;False;False;['CF'];A;Francesco Camarda;Italy;2008-03-10;right;6519;lecce;28.0;18.0;1746.0;5.84;6.27;3.99;A;1.0;5.0;0.26;2.0;4.74;0.24;1.54;0.08;0.0;2.0;3.0;4.0;0.0;0.0;0.0;0.0;0.0;-1;39.0;45.0;24.0;40.0;53.33;49.0;-1;37.29;-1.0;33.02;56.72;-1.0;33.08;-1.0;36.5;34.86;33.2;40.3;38.12;34.78;-1.0;-1.0;-1.0;35.1;35.26;41.84
788512;Lennon;miller l.;{'uuid': '10699c39-fa51-4968-8ee6-209df2113a8c', 'name': 'udinese'};Midfielder;False;False;['DM', 'M'];C;Lennon Miller;Scotland;2006-08-25;right;7208;udinese;32.0;32.0;3084.0;6.13;6.49;40.85;C;8.0;2.0;0.06;1.0;2.77;0.08;6.55;0.19;0.0;5.0;1.0;1.0;0.0;0.0;0.0;0.0;0.0;-1;39.0;32.0;32.0;100.0;100.0;82.0;-1;-1.0;-1.0;63.91;51.9;44.93;54.21;-1.0;53.27;40.42;47.87;48.72;-1.0;44.81;-1.0;44.9;-1.0;51.97;-1.0;73.1
789048;Dailon;rocha livramento;{'uuid': 'e9e1d0da-2ab8-449c-8738-84666289eb1b', 'name': 'verona'};Forward;False;False;['CF'];A;Dailon Rocha Livramento do Rosario;Netherlands;2001-05-04;right;6644;verona;29.0;8.0;1050.0;5.63;5.7;37.07;A;1.0;1.0;0.09;1.0;1.78;0.15;0.93;0.08;1.0;2.0;0.0;0.0;0.0;0.0;0.0;0.0;0.0;-1;39.0;36.0;23.0;22.22;63.89;31.0;-1;75.98;-1.0;-1.0;81.56;-1.0;-1.0;43.13;-1.0;57.52;-1.0;88.14;66.67;54.94;-1.0;-1.0;-1.0;53.24;57.98;53.25
789522;Damian Nicolas;pizarro;{'uuid': '10699c39-fa51-4968-8ee6-209df2113a8c', 'name': 'udinese'};Forward;False;False;['CF'];A;Damian Nicolas Pizarro Huenuqueo;Chile;2005-03-28;right;6635;udinese;6.0;4.0;279.0;5.39;5.39;-1.0;A;0.0;0.0;0.0;0.0;0.32;0.1;0.06;0.02;0.0;0.0;0.0;0.0;0.0;0.0;0.0;0.0;0.0;-1;39.0;28.0;4.0;14.29;14.29;8.0;-1;-1.0;-1.0;-1.0;-1.0;-1.0;-1.0;-1.0;-1.0;-1.0;-1.0;-1.0;-1.0;-1.0;-1.0;-1.0;-1.0;-1.0;-1.0;-1.0
790444;Honest;ahanor;{'uuid': '313d7f52-5056-426e-9637-9aeae2c94d8d', 'name': 'atalanta'};Wide-Midfielder;False;False;['LA', 'LB', 'E'];D;Honest Ahanor;Italy;2008-02-23;left;6916;atalanta;9.0;6.0;548.0;5.82;6.1;-1.0;D;0.0;1.0;0.16;2.0;1.01;0.17;0.14;0.02;0.0;1.0;0.0;0.0;0.0;0.0;0.0;0.0;0.0;-1;39.0;20.0;9.0;30.0;45.0;16.0;-1;-1.0;-1.0;-1.0;-1.0;-1.0;-1.0;-1.0;-1.0;-1.0;-1.0;-1.0;-1.0;-1.0;-1.0;-1.0;-1.0;-1.0;-1.0;-1.0
795175;benjamin;dominguez b.;{'uuid': '7bbe67b4-c9f4-48a3-be6f-23aa61167ff2', 'name': 'bologna'};Wing-Forward;False;False;['W', 'F'];A;Benjamin Dominguez;Argentina;2003-09-19;right;6895;bologna;23.0;16.0;1369.0;6.05;6.55;52.16;A;3.0;3.0;0.2;3.0;2.95;0.19;1.31;0.09;0.0;0.0;0.0;0.0;0.0;0.0;0.0;0.0;0.0;-1;39.0;35.0;20.0;45.71;57.14;40.0;-1;71.84;53.93;57.16;78.82;-1.0;50.71;-1.0;59.46;89.68;64.8;67.74;-1.0;65.9;67.1;-1.0;-1.0;67.29;77.49;53.86
805027;Ali;dembelè a.;{'uuid': '8cbf8ec8-2e07-4946-9d90-58b0da6a9c14', 'name': 'torino'};Wing-Back;False;False;['RB', 'E'];D;Ali Dembele;France;2004-01-05;right;6826;torino;15.0;4.0;461.0;5.61;5.64;-1.0;D;0.0;1.0;0.2;1.0;0.67;0.13;0.1;0.02;1.0;3.0;0.0;0.0;0.0;0.0;0.0;0.0;0.0;-1;39.0;37.0;9.0;10.81;24.32;13.0;-1;-1.0;-1.0;-1.0;-1.0;-1.0;-1.0;-1.0;-1.0;-1.0;-1.0;-1.0;-1.0;-1.0;-1.0;-1.0;-1.0;-1.0;-1.0;-1.0
807111;Ibrahim Kakari;sulemana i.;{'uuid': '313d7f52-5056-426e-9637-9aeae2c94d8d', 'name': 'atalanta'};Midfielder;False;False;['DM', 'M'];C;Ibrahim Kakari Sulemana;Ghana;2003-05-22;right;6024;atalanta;9.0;3.0;310.0;6.07;6.68;78.8;C;0.0;2.0;0.58;2.0;0.25;0.07;0.0;0.0;0.0;1.0;0.0;0.0;0.0;0.0;0.0;0.0;0.0;-1;39.0;35.0;7.0;8.57;20.0;9.0;-1;-1.0;-1.0;-1.0;-1.0;-1.0;-1.0;-1.0;-1.0;-1.0;-1.0;-1.0;-1.0;-1.0;-1.0;-1.0;-1.0;-1.0;-1.0;-1.0
808262;maximo;perrone;{'uuid': '3d3e3a11-950e-4170-a228-5bd0943e5716', 'name': 'como'};Midfielder;False;False;['DM', 'M'];C;Maximo Perrone;Argentina;2003-01-07;left;6151;como;26.0;20.0;2024.0;5.99;5.99;32.04;C;3.0;0.0;0.0;0.0;0.95;0.04;0.71;0.03;0.0;6.0;0.0;0.0;0.0;0.0;0.0;0.0;0.0;-1;39.0;26.0;25.0;76.92;96.15;56.0;-1;-1.0;-1.0;88.2;58.23;85.22;83.69;-1.0;63.56;-1.0;89.02;53.92;-1.0;-1.0;-1.0;83.6;-1.0;86.12;-1.0;85.21
814621;Massimo;Pessina;{'uuid': '7bbe67b4-c9f4-48a3-be6f-23aa61167ff2', 'name': 'bologna'};Goalkeeper;False;False;['G'];P;Massimo Pessina;Italy;2007-12-25;right;7172;bologna;21.0;21.0;2020.0;6.2;5.53;-1.0;P;0.0;0.0;0.0;0.0;0.0;0.0;0.0;0.0;0.0;2.0;0.0;0.0;3.0;8.0;30.0;30.0;25.04;-1;39.0;38.0;21.0;55.26;55.26;55.0;-1;-1.0;-1.0;-1.0;-1.0;-1.0;-1.0;-1.0;-1.0;-1.0;-1.0;-1.0;-1.0;-1.0;-1.0;-1.0;-1.0;-1.0;-1.0;-1.0
817791;Ajodun Ebenezer;akinsamiro;{'uuid': 'c1a7a918-44f8-4da9-86b6-f8b95e8e261d', 'name': 'pisa'};Mezzala;False;False;['M', 'OM'];C;Ajodun Ebenezer Akinsanmiro;Nigeria;2004-11-25;right;6593;pisa;35.0;14.0;1704.0;5.83;5.86;6.46;C;1.0;1.0;0.05;1.0;1.11;0.06;1.91;0.1;1.0;4.0;0.0;0.0;0.0;0.0;0.0;0.0;0.0;-1;39.0;38.0;35.0;36.84;92.11;49.0;-1;51.1;-1.0;57.38;53.35;44.7;48.66;-1.0;65.75;47.16;49.32;47.58;44.75;45.19;-1.0;45.61;-1.0;54.83;52.95;46.49
818689;Assane;diao;{'uuid': '3d3e3a11-950e-4170-a228-5bd0943e5716', 'name': 'como'};Wing-Forward;False;False;['W', 'F'];A;Assane Diao Diaoune;Senegal;2005-09-07;right;6967;como;25.0;16.0;1665.0;6.2;7.36;82.35;A;3.0;9.0;0.49;10.0;4.43;0.24;2.06;0.11;0.0;2.0;0.0;0.0;0.0;0.0;0.0;0.0;0.0;-1;39.0;33.0;24.0;48.48;72.73;47.0;-1;68.68;-1.0;60.28;80.69;-1.0;51.48;-1.0;61.98;71.79;59.34;80.73;60.38;92.57;68.82;-1.0;-1.0;65.46;68.25;65.56
822754;Isak;vural;{'uuid': 'c1a7a918-44f8-4da9-86b6-f8b95e8e261d', 'name': 'pisa'};Midfielder;True;False;['M'];C;Isak Vural;Sweden;2006-05-28;right;7150;pisa;23.0;14.0;1271.0;5.85;5.85;4.53;C;1.0;0.0;0.0;0.0;1.21;0.09;0.76;0.05;0.0;2.0;0.0;0.0;0.0;0.0;0.0;0.0;0.0;-1;39.0;36.0;20.0;38.89;55.56;36.0;-1;40.93;-1.0;43.86;44.36;49.61;46.16;-1.0;42.78;-1.0;49.29;39.89;49.22;-1.0;-1.0;-1.0;-1.0;48.97;47.74;44.16
823366;fellipe;jack;{'uuid': '3d3e3a11-950e-4170-a228-5bd0943e5716', 'name': 'como'};Wing-Back;False;False;['LB', 'CB'];D;Fellipe Jack Ozilio Moreira Pacheco;Brazil;2006-01-12;left;6944;como;7.0;1.0;201.0;5.61;5.47;-1.0;D;0.0;0.0;0.0;0.0;0.0;0.0;0.29;0.13;0.0;2.0;0.0;0.0;0.0;0.0;0.0;0.0;0.0;-1;39.0;29.0;5.0;3.45;17.24;6.0;-1;-1.0;-1.0;-1.0;-1.0;-1.0;-1.0;-1.0;-1.0;-1.0;-1.0;-1.0;-1.0;-1.0;-1.0;-1.0;-1.0;-1.0;-1.0;-1.0
828424;Radoslaw;Zelezny;{'uuid': '1e324d46-77cf-49f1-8dd2-9a0e343741c2', 'name': 'roma'};Goalkeeper;False;False;['G'];P;Radoslaw Zelezny;Poland;2006-09-06;-1;7169;roma;21.0;21.0;2022.0;6.18;4.87;-1.0;P;0.0;0.0;0.0;0.0;0.0;0.0;0.0;0.0;0.0;1.0;0.0;0.0;2.0;3.0;36.0;36.0;29.58;-1;39.0;32.0;21.0;65.62;65.62;55.0;-1;-1.0;-1.0;-1.0;-1.0;-1.0;-1.0;-1.0;-1.0;-1.0;-1.0;-1.0;-1.0;-1.0;-1.0;-1.0;-1.0;-1.0;-1.0;-1.0
846312;Christian Nahuel;ordonez c.;{'uuid': '05e5b3ab-8801-47e6-9eef-f6edc799628c', 'name': 'parma'};Mezzala;False;False;['DM', 'M'];C;Christian Nahuel Ordonez;Argentina;2004-07-24;right;7138;parma;6.0;5.0;533.0;5.92;5.84;17.95;C;0.0;0.0;0.0;0.0;0.26;0.04;0.25;0.04;0.0;1.0;0.0;0.0;0.0;0.0;0.0;0.0;0.0;-1;39.0;6.0;6.0;83.33;100.0;28.0;-1;49.6;-1.0;50.2;49.91;47.69;56.05;-1.0;47.74;-1.0;49.68;49.18;-1.0;-1.0;-1.0;45.6;-1.0;55.58;54.05;63.28
846784;Jacobo Ramon;Naveros;{'uuid': '3d3e3a11-950e-4170-a228-5bd0943e5716', 'name': 'como'};Defender;False;False;['CB'];D;Jacobo Ramon Naveros;Spain;2005-01-06;right;6869;como;3.0;2.0;223.0;6.42;7.25;-1.0;D;0.0;1.0;0.4;1.0;0.5;0.2;0.0;0.0;0.0;1.0;0.0;0.0;0.0;0.0;0.0;0.0;0.0;-1;39.0;16.0;3.0;12.5;18.75;6.0;-1;-1.0;-1.0;-1.0;-1.0;-1.0;-1.0;-1.0;-1.0;-1.0;-1.0;-1.0;-1.0;-1.0;-1.0;-1.0;-1.0;-1.0;-1.0;-1.0
852764;Joseph;liteta;{'uuid': '1c949031-2bcb-434e-a9ea-8fec3fa80c23', 'name': 'cagliari'};Midfielder;False;False;['DM', 'M'];C;Joseph Liteta;Zambia;2006-02-22;right;7165;cagliari;28.0;24.0;2163.0;6.01;6.1;1.49;C;1.0;1.0;0.04;1.0;2.01;0.08;0.55;0.02;0.0;3.0;0.0;0.0;0.0;0.0;0.0;0.0;0.0;-1;39.0;29.0;28.0;82.76;96.55;61.0;-1;-1.0;-1.0;34.46;20.48;33.4;33.24;-1.0;21.46;-1.0;33.32;-1.0;-1.0;-1.0;-1.0;32.81;-1.0;35.54;-1.0;35.01
862921;Matteo;Palma;{'uuid': '10699c39-fa51-4968-8ee6-209df2113a8c', 'name': 'udinese'};Defender;False;False;['CB'];D;Matteo Palma;Germany;2008-03-13;-1;6925;udinese;10.0;9.0;791.0;5.96;6.06;-1.0;D;1.0;0.0;0.0;0.0;0.28;0.03;1.06;0.12;0.0;0.0;0.0;0.0;0.0;0.0;0.0;0.0;0.0;-1;39.0;31.0;9.0;29.03;29.03;22.0;-1;26.71;25.12;32.29;23.39;29.81;33.07;-1.0;25.25;-1.0;30.19;21.01;34.78;-1.0;-1.0;31.68;41.2;34.81;32.95;33.07
879069;Yellu;santiago;{'uuid': 'e9e1d0da-2ab8-449c-8738-84666289eb1b', 'name': 'verona'};;False;False;['M'];C;Yellu Santiago;;2004-05-25;;7177;verona;-1.0;-1.0;-1.0;-1.0;-1.0;-1.0;C;-1.0;-1.0;-1.0;-2.0;-1.0;-1.0;-1.0;-1.0;-1.0;-1.0;-1.0;-1.0;-1.0;-1.0;-1.0;-1.0;-1.0;-1;39.0;-1.0;-1.0;-1.0;-1.0;-1.0;-1;-1.0;-1.0;-1.0;-1.0;-1.0;-1.0;-1.0;-1.0;-1.0;-1.0;-1.0;-1.0;-1.0;-1.0;-1.0;-1.0;-1.0;-1.0;-1.0
1015238;Bram;n'dri;{'uuid': '8fa5643a-841a-44a2-8126-637759f8911e', 'name': 'lecce'};Midfielder;False;False;['W', 'F'];A;Bram van Driel;Netherlands;2005-05-28;-1;7001;lecce;3.0;0.0;64.0;5.68;5.68;-1.0;A;0.0;0.0;0.0;0.0;0.0;0.0;0.0;0.0;0.0;0.0;0.0;0.0;0.0;0.0;0.0;0.0;0.0;-1;39.0;4.0;2.0;0.0;50.0;2.0;-1;-1.0;-1.0;-1.0;-1.0;-1.0;-1.0;-1.0;-1.0;-1.0;-1.0;-1.0;-1.0;-1.0;-1.0;-1.0;-1.0;-1.0;-1.0;-1.0
1016232;Jesus Rodriguez;rodriguez je.;{'uuid': '3d3e3a11-950e-4170-a228-5bd0943e5716', 'name': 'como'};Wing-Forward;False;False;['W', 'F'];A;Jesus  Rodriguez Caraballo;Spain;2005-11-21;right;7129;como;21.0;15.0;1208.0;6.0;6.29;35.21;A;0.0;2.0;0.15;2.0;2.25;0.17;0.47;0.04;0.0;0.0;0.0;0.0;0.0;0.0;0.0;0.0;0.0;-1;39.0;24.0;20.0;62.5;83.33;35.0;-1;79.41;63.4;58.95;83.29;-1.0;51.75;48.13;52.79;69.02;69.07;70.14;-1.0;64.74;82.44;-1.0;-1.0;76.85;90.26;57.89
1093815;Christ-Owen;kouassi;{'uuid': '8fa5643a-841a-44a2-8126-637759f8911e', 'name': 'lecce'};Defender;False;False;['RB', 'CB'];D;Christ-Owen Kouassi;France;2003-04-15;right;7136;lecce;33.0;33.0;3152.0;6.01;6.04;22.58;D;1.0;2.0;0.06;2.0;1.98;0.06;0.93;0.03;1.0;6.0;0.0;0.0;0.0;0.0;0.0;0.0;0.0;-1;39.0;33.0;33.0;100.0;100.0;86.0;-1;57.53;38.67;-1.0;40.95;47.85;49.7;-1.0;-1.0;-1.0;51.99;-1.0;-1.0;-1.0;-1.0;49.79;47.79;49.18;-1.0;39.16
